order_id,customer_id,order_date,sku_id,category,quantity,payment_mode,order_amount_inr,pincode,customer_contact
ord_000001,cus_0421,2026-01-01T14:20:01+05:30,sku_BEA_003,BEAUTY,1,COD,546.00,673268,
ord_000002,cus_0388,2026-01-01T21:24:02+05:30,sku_ELE_004,ELECTRONICS,2,,3236.00,150883,
ord_000003,cus_0226,2026-01-01T23:35:41+05:30,sku_FAS_012,FASHION,1,CARD,1505.00,173130,
ord_000004,cus_0201,2026-01-02T06:33:38+05:30,sku_FAS_002,FASHION,-1,PREPAID,2684.00,139058,
ord_000001,cus_0224,2026-01-03T03:37:40+05:30,sku_FAS_011,FASHION,1,COD,1.00,621801,
ord_000006,cus_0266,2026-01-03T14:22:50+05:30,sku_BEA_001,BEAUTY,1,PREPAID,465.00,12345,
ord_000007,cus_0151,2026-01-05T10:00:00,sku_LIF_004,LIFESTYLE,1,COD,654.00,673268,
ord_000008,cus_0400,2026-01-03T16:42:33+05:30,sku_FAS_006,FASHION,1,COD,-50.00,431651,
ord_000009,cus_0143,2026-01-03T17:33:42+05:30,sku_FAS_016,FASHION,1,COD,1218.00,417062,
