return_id,order_id,return_requested_at,return_accepted_at,return_reason,return_status,qc_result,refund_amount_inr,reverse_shipping_inr,handling_inr,writeoff_inr,cost_recovery_inr
ret_000001,ord_000003,2026-01-05T12:31:27+05:30,2026-01-05T21:48:16+05:30,NOT_AS_DESCRIBED,REFUNDED,UNUSED,1505.00,,,,
ret_000002,ord_000009,2026-01-06T12:14:47+05:30,2026-01-06T20:31:51+05:30,NOT_AS_DESCRIBED,ACCEPTED,USED,,,,,
ret_000003,ord_000010,2026-01-10T11:25:51+05:30,2026-01-12T07:31:44+05:30,CHANGED_MIND,REFUNDED,USED,1158.00,,,,
ret_000004,ord_000004,2026-01-10T14:22:35+05:30,2026-01-12T06:48:14+05:30,DEFECTIVE,REFUNDED,UNUSED,2684.00,,,,
ret_000005,ord_000015,2026-01-11T20:46:05+05:30,2026-01-12T17:21:22+05:30,DEFECTIVE,REFUNDED,UNKNOWN,3625.00,,,,
ret_000006,ord_000011,2026-01-12T07:34:38+05:30,2026-01-12T14:36:06+05:30,NOT_AS_DESCRIBED,REFUNDED,UNUSED,845.00,,,,
ret_000007,ord_000045,2026-01-14T00:13:08+05:30,2026-01-14T10:12:21+05:30,CHANGED_MIND,REFUNDED,USED,1619.00,,,,
ret_000008,ord_000022,2026-01-15T22:54:02+05:30,2026-01-17T11:16:59+05:30,NOT_AS_DESCRIBED,REFUNDED,UNUSED,910.00,,,,
ret_000009,ord_000062,2026-01-16T05:48:37+05:30,2026-01-18T04:05:04+05:30,NOT_AS_DESCRIBED,REFUNDED,UNUSED,1794.00,,,,
ret_000010,ord_000014,2026-01-17T03:12:42+05:30,,CHANGED_MIND,REJECTED,,,,,,
ret_000011,ord_000084,2026-01-17T18:30:40+05:30,2026-01-19T07:08:44+05:30,CHANGED_MIND,REFUNDED,UNUSED,1720.00,,,,
ret_000012,ord_000076,2026-01-18T08:25:51+05:30,2026-01-19T05:54:09+05:30,CHANGED_MIND,REFUNDED,UNKNOWN,1015.00,,,,
ret_000013,ord_000078,2026-01-19T15:53:32+05:30,2026-01-20T06:50:13+05:30,CHANGED_MIND,REFUNDED,UNKNOWN,1683.00,,,,
ret_000014,ord_000063,2026-01-20T06:52:05+05:30,2026-01-21T19:59:25+05:30,SIZE_FIT,REFUNDED,UNUSED,1048.00,,,,
ret_000015,ord_000089,2026-01-21T20:44:59+05:30,2026-01-23T15:26:06+05:30,CHANGED_MIND,ACCEPTED,UNUSED,,,,,
ret_000016,ord_000107,2026-01-22T10:44:52+05:30,2026-01-23T09:30:16+05:30,SIZE_FIT,ACCEPTED,USED,,,,,
ret_000017,ord_000110,2026-01-22T20:06:10+05:30,2026-01-24T16:33:15+05:30,SIZE_FIT,ACCEPTED,UNUSED,,,,,
ret_000018,ord_000098,2026-01-23T10:55:14+05:30,2026-01-23T17:10:20+05:30,DEFECTIVE,ACCEPTED,UNKNOWN,,,,,
ret_000019,ord_000126,2026-01-26T09:27:36+05:30,2026-01-27T05:27:58+05:30,SIZE_FIT,REFUNDED,USED,1680.00,,,,
ret_000020,ord_000113,2026-01-27T09:07:22+05:30,2026-01-28T01:47:54+05:30,NOT_AS_DESCRIBED,REFUNDED,UNUSED,1088.00,,,,
ret_000021,ord_000141,2026-01-27T19:55:23+05:30,2026-01-28T21:30:40+05:30,CHANGED_MIND,ACCEPTED,UNUSED,,,,,
ret_000022,ord_000155,2026-01-28T10:39:40+05:30,2026-01-29T01:35:57+05:30,NOT_AS_DESCRIBED,ACCEPTED,UNUSED,,,,,
ret_000023,ord_000130,2026-01-29T07:42:23+05:30,2026-01-30T15:16:53+05:30,NOT_AS_DESCRIBED,REFUNDED,UNUSED,1394.00,,,,
ret_000024,ord_000165,2026-02-02T01:47:02+05:30,2026-02-02T15:22:12+05:30,SIZE_FIT,ACCEPTED,USED,,,,,
ret_000025,ord_000171,2026-02-03T03:03:54+05:30,2026-02-04T18:01:26+05:30,CHANGED_MIND,REFUNDED,UNUSED,536.00,,,,
ret_000026,ord_000135,2026-02-03T20:25:52+05:30,,CHANGED_MIND,REJECTED,,,,,,
ret_000027,ord_000185,2026-02-05T05:07:22+05:30,2026-02-06T13:34:03+05:30,NOT_AS_DESCRIBED,REFUNDED,UNKNOWN,2730.00,,,,
ret_000028,ord_000187,2026-02-06T16:51:54+05:30,2026-02-07T09:37:34+05:30,SIZE_FIT,REFUNDED,UNUSED,908.00,,,,
ret_000029,ord_000208,2026-02-07T01:19:24+05:30,2026-02-08T23:02:25+05:30,SIZE_FIT,ACCEPTED,USED,,,,,
ret_000030,ord_000224,2026-02-09T00:19:19+05:30,2026-02-10T19:55:43+05:30,NOT_AS_DESCRIBED,REFUNDED,UNUSED,847.00,,,,
ret_000031,ord_000223,2026-02-10T11:47:59+05:30,2026-02-11T01:55:00+05:30,CHANGED_MIND,ACCEPTED,UNUSED,,,,,
ret_000032,ord_000220,2026-02-12T07:35:13+05:30,2026-02-13T17:55:51+05:30,NOT_AS_DESCRIBED,REFUNDED,USED,707.00,,,,
ret_000033,ord_000250,2026-02-13T18:44:12+05:30,2026-02-15T16:47:48+05:30,SIZE_FIT,REFUNDED,UNKNOWN,752.00,,,,
ret_000034,ord_000252,2026-02-14T10:27:27+05:30,2026-02-16T01:29:04+05:30,CHANGED_MIND,REFUNDED,UNUSED,1529.00,,,,
ret_000035,ord_000256,2026-02-14T14:49:18+05:30,2026-02-16T08:36:52+05:30,CHANGED_MIND,REFUNDED,DAMAGED_BY_CUSTOMER,496.00,,,,
ret_000036,ord_000183,2026-02-16T08:31:04+05:30,,CHANGED_MIND,REJECTED,,,,,,
ret_000037,ord_000274,2026-02-16T11:43:59+05:30,2026-02-17T08:09:15+05:30,CHANGED_MIND,ACCEPTED,USED,,,,,
ret_000038,ord_000238,2026-02-17T02:10:15+05:30,2026-02-18T07:12:55+05:30,CHANGED_MIND,ACCEPTED,UNUSED,,,,,
ret_000039,ord_000265,2026-02-17T20:55:13+05:30,2026-02-18T09:58:03+05:30,CHANGED_MIND,REFUNDED,USED,659.00,,,,
ret_000040,ord_000268,2026-02-17T20:58:08+05:30,2026-02-18T09:46:36+05:30,SIZE_FIT,ACCEPTED,UNUSED,,,,,
ret_000041,ord_000270,2026-02-18T12:22:24+05:30,2026-02-19T20:20:33+05:30,SIZE_FIT,ACCEPTED,USED,,,,,
ret_000042,ord_000277,2026-02-18T21:20:47+05:30,2026-02-20T04:08:05+05:30,NOT_AS_DESCRIBED,REFUNDED,UNUSED,599.00,,,,
ret_000043,ord_000293,2026-02-18T21:45:08+05:30,2026-02-20T01:55:14+05:30,CHANGED_MIND,REFUNDED,UNUSED,253.00,,,,
ret_000044,ord_000278,2026-02-19T17:37:01+05:30,2026-02-21T12:06:17+05:30,NOT_AS_DESCRIBED,REFUNDED,USED,1225.00,,,,
ret_000045,ord_000289,2026-02-20T10:45:22+05:30,2026-02-22T08:14:29+05:30,SIZE_FIT,REFUNDED,UNUSED,613.00,,,,
ret_000046,ord_000283,2026-02-21T16:32:33+05:30,2026-02-22T23:41:08+05:30,NOT_AS_DESCRIBED,REFUNDED,UNUSED,614.00,,,,
ret_000047,ord_000298,2026-02-22T16:48:19+05:30,2026-02-23T14:02:58+05:30,DEFECTIVE,ACCEPTED,UNKNOWN,,,,,
ret_000048,ord_000305,2026-02-22T17:52:38+05:30,2026-02-24T11:17:54+05:30,CHANGED_MIND,REFUNDED,UNKNOWN,1412.00,,,,
ret_000049,ord_000297,2026-02-23T05:19:27+05:30,2026-02-24T20:25:50+05:30,CHANGED_MIND,REFUNDED,UNUSED,1576.00,,,,
ret_000050,ord_000291,2026-02-23T06:44:29+05:30,2026-02-24T14:17:26+05:30,SIZE_FIT,ACCEPTED,UNUSED,,,,,
ret_000051,ord_000282,2026-02-23T17:26:45+05:30,2026-02-25T13:41:20+05:30,CHANGED_MIND,REFUNDED,USED,1432.00,,,,
ret_000052,ord_000240,2026-02-23T21:46:53+05:30,,NOT_AS_DESCRIBED,REJECTED,,,,,,
ret_000053,ord_000313,2026-02-24T21:30:20+05:30,2026-02-25T12:06:53+05:30,SIZE_FIT,ACCEPTED,DAMAGED_BY_CUSTOMER,,,,,
ret_000054,ord_000312,2026-02-25T00:50:54+05:30,2026-02-25T18:04:03+05:30,CHANGED_MIND,REFUNDED,UNUSED,812.00,,,,
ret_000055,ord_000325,2026-02-25T15:45:06+05:30,2026-02-25T23:10:07+05:30,CHANGED_MIND,REFUNDED,USED,1990.00,,,,
ret_000056,ord_000322,2026-02-26T23:55:12+05:30,2026-02-28T22:13:16+05:30,SIZE_FIT,REFUNDED,UNUSED,1504.00,,,,
ret_000057,ord_000340,2026-02-28T17:19:02+05:30,2026-03-01T15:50:38+05:30,CHANGED_MIND,ACCEPTED,UNUSED,,,,,
ret_000058,ord_000327,2026-02-28T20:50:01+05:30,2026-03-02T18:31:06+05:30,CHANGED_MIND,ACCEPTED,UNUSED,,,,,
ret_000059,ord_000342,2026-03-01T03:12:15+05:30,2026-03-02T17:00:12+05:30,CHANGED_MIND,REFUNDED,UNUSED,1840.00,,,,
ret_000060,ord_000314,2026-03-01T12:55:36+05:30,2026-03-02T14:50:08+05:30,SIZE_FIT,ACCEPTED,USED,,,,,
ret_000061,ord_000346,2026-03-01T16:35:08+05:30,2026-03-03T04:11:11+05:30,SIZE_FIT,REFUNDED,UNUSED,851.00,,,,
ret_000062,ord_000371,2026-03-02T23:46:28+05:30,2026-03-03T14:58:57+05:30,CHANGED_MIND,REFUNDED,USED,633.00,,,,
ret_000063,ord_000373,2026-03-05T23:21:51+05:30,2026-03-07T10:54:53+05:30,CHANGED_MIND,ACCEPTED,UNKNOWN,,,,,
ret_000064,ord_000337,2026-03-07T08:35:11+05:30,2026-03-08T14:15:26+05:30,CHANGED_MIND,REFUNDED,UNUSED,567.00,,,,
ret_000065,ord_000396,2026-03-07T21:33:28+05:30,2026-03-08T23:59:13+05:30,CHANGED_MIND,REFUNDED,USED,1080.00,,,,
ret_000066,ord_000398,2026-03-08T05:33:55+05:30,2026-03-08T23:14:32+05:30,CHANGED_MIND,REFUNDED,UNUSED,495.00,,,,
ret_000067,ord_000401,2026-03-10T09:45:40+05:30,2026-03-11T09:35:42+05:30,NOT_AS_DESCRIBED,REFUNDED,UNUSED,1972.00,,,,
ret_000068,ord_000413,2026-03-10T14:55:57+05:30,2026-03-11T22:51:03+05:30,CHANGED_MIND,REFUNDED,USED,874.00,,,,
ret_000069,ord_000406,2026-03-12T04:45:42+05:30,2026-03-13T05:33:04+05:30,SIZE_FIT,REFUNDED,UNUSED,3178.00,,,,
ret_000070,ord_000425,2026-03-12T08:44:10+05:30,2026-03-12T16:53:46+05:30,NOT_AS_DESCRIBED,REFUNDED,UNUSED,1045.00,,,,
ret_000071,ord_000422,2026-03-13T08:57:01+05:30,2026-03-14T21:37:16+05:30,CHANGED_MIND,ACCEPTED,USED,,,,,
ret_000072,ord_000433,2026-03-13T09:57:42+05:30,2026-03-14T07:52:03+05:30,SIZE_FIT,ACCEPTED,USED,,,,,
ret_000073,ord_000428,2026-03-13T16:02:03+05:30,2026-03-15T08:40:12+05:30,NOT_AS_DESCRIBED,REFUNDED,UNUSED,726.00,,,,
ret_000074,ord_000397,2026-03-13T20:55:29+05:30,2026-03-14T13:39:35+05:30,CHANGED_MIND,REFUNDED,DAMAGED_BY_CUSTOMER,989.00,,,,
ret_000075,ord_000436,2026-03-14T04:47:13+05:30,2026-03-14T13:34:51+05:30,NOT_AS_DESCRIBED,REFUNDED,UNUSED,547.00,,,,
ret_000076,ord_000387,2026-03-14T08:57:31+05:30,2026-03-14T18:09:23+05:30,SIZE_FIT,ACCEPTED,UNUSED,,,,,
ret_000077,ord_000441,2026-03-14T10:25:11+05:30,2026-03-15T15:32:04+05:30,SIZE_FIT,ACCEPTED,USED,,,,,
ret_000078,ord_000438,2026-03-14T16:22:04+05:30,2026-03-15T03:06:40+05:30,WRONG_ITEM,REFUNDED,UNKNOWN,727.00,,,,
ret_000079,ord_000420,2026-03-14T21:50:45+05:30,2026-03-16T17:15:54+05:30,NOT_AS_DESCRIBED,REFUNDED,UNUSED,821.00,,,,
ret_000080,ord_000405,2026-03-15T03:53:22+05:30,,CHANGED_MIND,REJECTED,,,,,,
ret_000081,ord_000446,2026-03-15T13:11:34+05:30,2026-03-17T09:24:24+05:30,CHANGED_MIND,REFUNDED,USED,2270.00,,,,
ret_000082,ord_000417,2026-03-16T04:43:21+05:30,2026-03-18T02:44:32+05:30,DAMAGED_IN_TRANSIT,ACCEPTED,UNUSED,,,,,
ret_000083,ord_scn_04_h2,2026-03-16T19:00:00+05:30,2026-03-17T07:00:00+05:30,CHANGED_MIND,ACCEPTED,USED,,,,,
ret_000084,ord_000453,2026-03-17T12:11:47+05:30,2026-03-19T00:57:25+05:30,SIZE_FIT,ACCEPTED,UNUSED,,,,,
ret_000085,ord_000451,2026-03-17T18:43:32+05:30,2026-03-18T18:18:38+05:30,SIZE_FIT,ACCEPTED,UNKNOWN,,,,,
ret_000086,ord_000475,2026-03-19T12:15:54+05:30,2026-03-19T21:33:28+05:30,CHANGED_MIND,REFUNDED,UNUSED,871.00,,,,
ret_000087,ord_000363,2026-03-20T10:47:51+05:30,,NOT_AS_DESCRIBED,REJECTED,,,,,,
ret_000088,ord_000472,2026-03-21T21:43:34+05:30,2026-03-22T18:43:14+05:30,CHANGED_MIND,REFUNDED,USED,552.00,,,,
ret_000089,ord_000477,2026-03-22T08:19:45+05:30,2026-03-22T20:51:53+05:30,CHANGED_MIND,REFUNDED,UNKNOWN,1085.00,,,,
ret_000090,ord_000474,2026-03-22T09:36:57+05:30,2026-03-22T22:23:48+05:30,CHANGED_MIND,REFUNDED,USED,870.00,,,,
ret_000091,ord_000495,2026-03-25T05:21:16+05:30,2026-03-26T17:46:17+05:30,NOT_AS_DESCRIBED,REFUNDED,USED,609.00,,,,
ret_000092,ord_000482,2026-03-25T20:04:58+05:30,2026-03-26T17:01:00+05:30,CHANGED_MIND,ACCEPTED,UNKNOWN,,,,,
ret_000093,ord_000500,2026-03-25T21:26:24+05:30,2026-03-27T00:52:09+05:30,SIZE_FIT,REFUNDED,UNUSED,2031.00,,,,
ret_000094,ord_000516,2026-03-26T02:41:30+05:30,2026-03-28T02:32:27+05:30,NOT_AS_DESCRIBED,REFUNDED,USED,1354.00,,,,
ret_000095,ord_000503,2026-03-26T05:50:20+05:30,2026-03-28T04:08:46+05:30,SIZE_FIT,ACCEPTED,UNKNOWN,,,,,
ret_000096,ord_scn_04_h3,2026-03-26T19:30:00+05:30,2026-03-27T07:30:00+05:30,SIZE_FIT,ACCEPTED,USED,,,,,
ret_000097,ord_000465,2026-03-27T04:45:43+05:30,,SIZE_FIT,REJECTED,,,,,,
ret_000098,ord_000525,2026-03-28T23:55:35+05:30,2026-03-29T19:55:15+05:30,CHANGED_MIND,REFUNDED,USED,1143.00,,,,
ret_000099,ord_000544,2026-03-29T13:03:48+05:30,2026-03-30T12:58:51+05:30,NOT_AS_DESCRIBED,REFUNDED,USED,1036.00,,,,
ret_000100,ord_000531,2026-03-30T19:27:13+05:30,2026-04-01T14:26:53+05:30,SIZE_FIT,REFUNDED,UNUSED,4722.00,,,,
ret_000101,ord_000546,2026-04-01T07:53:22+05:30,2026-04-02T05:47:43+05:30,SIZE_FIT,REFUNDED,UNUSED,1241.00,,,,
ret_000102,ord_000561,2026-04-02T09:09:02+05:30,2026-04-03T03:37:50+05:30,WRONG_ITEM,REFUNDED,UNUSED,1160.00,,,,
ret_000103,ord_000549,2026-04-02T17:10:48+05:30,2026-04-03T06:26:56+05:30,SIZE_FIT,REFUNDED,USED,782.00,,,,
ret_000104,ord_000559,2026-04-04T08:53:47+05:30,2026-04-05T03:25:39+05:30,CHANGED_MIND,REFUNDED,UNUSED,747.00,,,,
ret_000105,ord_000571,2026-04-04T12:32:47+05:30,2026-04-04T18:38:06+05:30,NOT_AS_DESCRIBED,REFUNDED,USED,1704.00,,,,
ret_000106,ord_000534,2026-04-05T03:36:39+05:30,2026-04-06T06:11:08+05:30,SIZE_FIT,ACCEPTED,UNUSED,,,,,
ret_000107,ord_000574,2026-04-05T18:35:33+05:30,2026-04-06T23:28:31+05:30,NOT_AS_DESCRIBED,REFUNDED,UNUSED,1178.00,,,,
ret_000108,ord_000555,2026-04-05T18:55:40+05:30,2026-04-06T14:39:11+05:30,SIZE_FIT,REFUNDED,DAMAGED_BY_CUSTOMER,1202.00,,,,
ret_000109,ord_scn_04_h4,2026-04-05T19:30:00+05:30,2026-04-06T07:30:00+05:30,CHANGED_MIND,ACCEPTED,USED,,,,,
ret_000110,ord_000564,2026-04-06T07:25:36+05:30,2026-04-07T15:51:05+05:30,SIZE_FIT,ACCEPTED,USED,,,,,
ret_000111,ord_000575,2026-04-06T08:10:48+05:30,2026-04-07T18:03:26+05:30,DEFECTIVE,REFUNDED,UNKNOWN,2632.00,,,,
ret_000112,ord_000581,2026-04-06T09:29:01+05:30,2026-04-07T13:13:49+05:30,SIZE_FIT,REFUNDED,USED,628.00,,,,
ret_000113,ord_000569,2026-04-07T00:43:52+05:30,2026-04-08T13:32:50+05:30,CHANGED_MIND,REFUNDED,UNUSED,1609.00,,,,
ret_000114,ord_000604,2026-04-07T05:06:03+05:30,2026-04-08T20:52:17+05:30,SIZE_FIT,REFUNDED,USED,1048.00,,,,
ret_000115,ord_000596,2026-04-07T12:56:51+05:30,2026-04-08T03:24:58+05:30,SIZE_FIT,ACCEPTED,UNUSED,,,,,
ret_000116,ord_000586,2026-04-09T08:18:59+05:30,2026-04-11T02:17:43+05:30,CHANGED_MIND,REFUNDED,UNUSED,622.00,,,,
ret_000117,ord_000597,2026-04-09T09:20:09+05:30,2026-04-10T02:29:38+05:30,SIZE_FIT,ACCEPTED,UNUSED,,,,,
ret_000118,ord_000614,2026-04-09T10:49:55+05:30,2026-04-09T19:03:43+05:30,SIZE_FIT,REFUNDED,UNUSED,1856.00,,,,
ret_000119,ord_000605,2026-04-09T19:47:53+05:30,2026-04-10T12:51:33+05:30,CHANGED_MIND,REFUNDED,UNUSED,2156.00,,,,
ret_000120,ord_000599,2026-04-09T19:57:57+05:30,2026-04-11T09:00:03+05:30,SIZE_FIT,ACCEPTED,UNUSED,,,,,
ret_000121,ord_000532,2026-04-09T23:11:39+05:30,,SIZE_FIT,REJECTED,,,,,,
ret_000122,ord_000619,2026-04-12T01:43:10+05:30,2026-04-13T01:08:27+05:30,CHANGED_MIND,REFUNDED,USED,716.00,,,,
ret_000123,ord_000629,2026-04-12T03:43:21+05:30,2026-04-12T16:39:23+05:30,NOT_AS_DESCRIBED,REFUNDED,USED,2582.00,,,,
ret_000124,ord_000622,2026-04-12T19:16:23+05:30,2026-04-14T02:20:37+05:30,WRONG_ITEM,REFUNDED,UNKNOWN,1091.00,,,,
ret_000125,ord_000607,2026-04-15T11:14:25+05:30,2026-04-16T07:01:37+05:30,CHANGED_MIND,REFUNDED,UNUSED,632.00,,,,
ret_000126,ord_scn_04,2026-04-15T20:30:00+05:30,2026-04-16T08:30:00+05:30,CHANGED_MIND,ACCEPTED,USED,,,,,
ret_000127,ord_000631,2026-04-16T04:23:31+05:30,2026-04-16T13:34:08+05:30,CHANGED_MIND,REFUNDED,UNUSED,473.00,,,,
ret_000128,ord_000652,2026-04-16T12:06:36+05:30,2026-04-17T08:31:09+05:30,CHANGED_MIND,REFUNDED,USED,473.00,,,,
ret_000129,ord_000659,2026-04-18T17:15:27+05:30,2026-04-19T22:45:16+05:30,SIZE_FIT,ACCEPTED,USED,,,,,
ret_000130,ord_000651,2026-04-19T11:07:56+05:30,2026-04-19T20:56:47+05:30,CHANGED_MIND,REFUNDED,USED,602.00,,,,
ret_000131,ord_000609,2026-04-19T22:18:03+05:30,2026-04-21T11:23:07+05:30,SIZE_FIT,ACCEPTED,UNUSED,,,,,
ret_000132,ord_000678,2026-04-20T14:23:27+05:30,2026-04-22T13:52:51+05:30,SIZE_FIT,ACCEPTED,UNUSED,,,,,
ret_000133,ord_000630,2026-04-20T16:39:35+05:30,,CHANGED_MIND,REJECTED,,,,,,
ret_000134,ord_000697,2026-04-23T01:17:11+05:30,2026-04-24T16:58:40+05:30,SIZE_FIT,REFUNDED,UNUSED,1200.00,,,,
ret_000135,ord_000668,2026-04-23T08:41:35+05:30,2026-04-24T14:09:48+05:30,NOT_AS_DESCRIBED,REFUNDED,USED,910.00,,,,
ret_000136,ord_000693,2026-04-23T08:43:27+05:30,2026-04-23T17:53:13+05:30,DEFECTIVE,REFUNDED,UNKNOWN,794.00,,,,
ret_000137,ord_000669,2026-04-23T13:32:05+05:30,2026-04-24T09:18:20+05:30,CHANGED_MIND,ACCEPTED,UNUSED,,,,,
ret_000138,ord_000688,2026-04-24T00:52:59+05:30,2026-04-24T09:32:08+05:30,CHANGED_MIND,REFUNDED,UNUSED,1408.00,,,,
ret_000139,ord_000657,2026-04-24T05:24:00+05:30,2026-04-26T03:08:26+05:30,SIZE_FIT,ACCEPTED,DAMAGED_BY_CUSTOMER,,,,,
ret_000140,ord_000695,2026-04-24T07:20:16+05:30,2026-04-26T03:36:14+05:30,DAMAGED_IN_TRANSIT,REFUNDED,UNUSED,823.00,,,,
ret_000141,ord_000689,2026-04-24T12:15:06+05:30,2026-04-25T19:50:12+05:30,NOT_AS_DESCRIBED,REFUNDED,UNUSED,715.00,,,,
ret_000142,ord_000698,2026-04-24T15:29:59+05:30,2026-04-26T12:57:09+05:30,SIZE_FIT,ACCEPTED,UNUSED,,,,,
ret_000143,ord_000720,2026-04-26T05:01:54+05:30,2026-04-27T13:33:12+05:30,CHANGED_MIND,REFUNDED,USED,1066.00,,,,
ret_000144,ord_000676,2026-04-26T11:56:40+05:30,2026-04-28T09:56:37+05:30,CHANGED_MIND,REFUNDED,USED,4640.00,,,,
ret_000145,ord_000705,2026-04-26T15:28:06+05:30,2026-04-27T21:57:01+05:30,NOT_AS_DESCRIBED,REFUNDED,UNUSED,625.00,,,,
ret_000146,ord_000716,2026-04-27T06:49:55+05:30,2026-04-28T07:34:18+05:30,SIZE_FIT,REFUNDED,UNUSED,1106.00,,,,
ret_000147,ord_000714,2026-04-27T10:39:29+05:30,2026-04-28T21:37:22+05:30,CHANGED_MIND,REFUNDED,UNUSED,427.00,,,,
ret_000148,ord_000718,2026-04-27T12:41:47+05:30,2026-04-29T04:35:02+05:30,CHANGED_MIND,ACCEPTED,UNUSED,,,,,
ret_000149,ord_000729,2026-04-28T03:06:40+05:30,2026-04-28T21:39:03+05:30,DEFECTIVE,REFUNDED,UNUSED,784.00,,,,
ret_000150,ord_000680,2026-04-28T06:11:43+05:30,2026-04-29T20:57:36+05:30,CHANGED_MIND,REFUNDED,UNUSED,935.00,,,,
ret_000151,ord_000694,2026-04-28T08:17:25+05:30,2026-04-28T17:11:11+05:30,SIZE_FIT,ACCEPTED,UNUSED,,,,,
ret_000152,ord_000707,2026-04-28T08:54:52+05:30,2026-04-29T06:49:38+05:30,SIZE_FIT,ACCEPTED,UNUSED,,,,,
ret_000153,ord_000724,2026-04-28T18:52:19+05:30,2026-04-30T13:44:08+05:30,SIZE_FIT,REFUNDED,USED,6329.00,,,,
ret_000154,ord_000742,2026-04-28T21:50:10+05:30,2026-04-30T05:13:57+05:30,NOT_AS_DESCRIBED,ACCEPTED,UNUSED,,,,,
ret_000155,ord_scn_06,2026-04-28T22:00:00+05:30,,NOT_AS_DESCRIBED,REQUESTED,,,,,,
ret_000156,ord_000690,2026-04-29T05:32:51+05:30,2026-04-29T19:16:13+05:30,CHANGED_MIND,ACCEPTED,UNUSED,,,,,
ret_000157,ord_000734,2026-04-29T17:21:09+05:30,2026-05-01T02:04:54+05:30,CHANGED_MIND,ACCEPTED,UNUSED,,,,,
ret_000158,ord_000732,2026-04-29T19:55:26+05:30,2026-04-30T07:19:20+05:30,SIZE_FIT,ACCEPTED,USED,,,,,
ret_000159,ord_scn_05,2026-05-01T16:00:00+05:30,2026-05-02T04:00:00+05:30,CHANGED_MIND,ACCEPTED,UNUSED,,,,,
ret_000160,ord_000764,2026-05-01T22:24:05+05:30,2026-05-03T14:17:46+05:30,CHANGED_MIND,ACCEPTED,USED,,,,,
ret_000161,ord_000758,2026-05-02T20:30:40+05:30,2026-05-03T20:14:02+05:30,SIZE_FIT,REFUNDED,UNUSED,445.00,,,,
ret_000162,ord_000771,2026-05-02T23:30:15+05:30,2026-05-04T03:38:02+05:30,NOT_AS_DESCRIBED,ACCEPTED,USED,,,,,
ret_000163,ord_000759,2026-05-03T00:50:17+05:30,2026-05-03T19:24:51+05:30,NOT_AS_DESCRIBED,REFUNDED,UNKNOWN,991.00,,,,
ret_000164,ord_000781,2026-05-03T06:37:32+05:30,2026-05-05T06:23:21+05:30,SIZE_FIT,REFUNDED,USED,894.00,,,,
ret_000165,ord_000749,2026-05-03T12:12:05+05:30,2026-05-05T05:01:33+05:30,NOT_AS_DESCRIBED,REFUNDED,UNUSED,971.00,,,,
ret_000166,ord_000715,2026-05-04T10:40:03+05:30,2026-05-04T17:05:49+05:30,NOT_AS_DESCRIBED,REFUNDED,UNUSED,1350.00,,,,
ret_000167,ord_000776,2026-05-04T12:21:39+05:30,2026-05-05T15:58:06+05:30,DAMAGED_IN_TRANSIT,REFUNDED,UNKNOWN,672.00,,,,
ret_000168,ord_000792,2026-05-05T14:13:24+05:30,2026-05-06T05:01:30+05:30,CHANGED_MIND,REFUNDED,UNUSED,1491.00,,,,
ret_000169,ord_scn_03,2026-05-05T19:00:00+05:30,2026-05-06T07:00:00+05:30,DEFECTIVE,ACCEPTED,UNKNOWN,,,,,
ret_000170,ord_000774,2026-05-06T09:18:29+05:30,2026-05-07T12:14:23+05:30,CHANGED_MIND,ACCEPTED,UNKNOWN,,,,,
ret_000171,ord_000802,2026-05-06T13:02:30+05:30,2026-05-07T07:09:43+05:30,SIZE_FIT,ACCEPTED,UNUSED,,,,,
ret_000172,ord_000777,2026-05-06T21:10:01+05:30,2026-05-08T07:41:19+05:30,DEFECTIVE,ACCEPTED,UNUSED,,,,,
ret_000173,ord_000787,2026-05-07T08:20:18+05:30,2026-05-08T05:37:16+05:30,DEFECTIVE,REFUNDED,UNUSED,2252.00,,,,
ret_000174,ord_000810,2026-05-07T16:23:06+05:30,2026-05-08T19:21:05+05:30,SIZE_FIT,REFUNDED,UNKNOWN,2582.00,,,,
ret_000175,ord_000761,2026-05-07T20:04:25+05:30,2026-05-09T09:24:19+05:30,CHANGED_MIND,REFUNDED,UNUSED,746.00,,,,
ret_000176,ord_000786,2026-05-08T17:40:28+05:30,2026-05-10T09:07:42+05:30,NOT_AS_DESCRIBED,ACCEPTED,UNUSED,,,,,
ret_000177,ord_000816,2026-05-09T11:28:14+05:30,2026-05-09T18:14:14+05:30,CHANGED_MIND,ACCEPTED,USED,,,,,
ret_000178,ord_000813,2026-05-10T12:43:44+05:30,2026-05-10T19:23:24+05:30,CHANGED_MIND,REFUNDED,USED,1254.00,,,,
ret_000179,ord_000812,2026-05-11T08:02:04+05:30,2026-05-11T18:13:09+05:30,DAMAGED_IN_TRANSIT,REFUNDED,UNUSED,2990.00,,,,
ret_000180,ord_000820,2026-05-11T18:53:03+05:30,2026-05-12T22:17:44+05:30,CHANGED_MIND,ACCEPTED,UNUSED,,,,,
ret_000181,ord_000795,2026-05-12T06:28:52+05:30,2026-05-14T02:59:58+05:30,NOT_AS_DESCRIBED,ACCEPTED,UNUSED,,,,,
ret_000182,ord_000836,2026-05-14T01:37:04+05:30,2026-05-15T23:41:10+05:30,DEFECTIVE,ACCEPTED,UNKNOWN,,,,,
ret_000183,ord_000837,2026-05-14T05:19:34+05:30,2026-05-15T15:47:36+05:30,CHANGED_MIND,REFUNDED,UNKNOWN,1738.00,,,,
ret_000184,ord_000847,2026-05-14T09:26:29+05:30,2026-05-15T15:09:03+05:30,DAMAGED_IN_TRANSIT,REFUNDED,UNKNOWN,2052.00,,,,
ret_000185,ord_000859,2026-05-16T00:05:49+05:30,2026-05-16T19:01:59+05:30,SIZE_FIT,REFUNDED,UNUSED,607.00,,,,
ret_000186,ord_000852,2026-05-16T09:16:21+05:30,2026-05-17T16:40:24+05:30,SIZE_FIT,REFUNDED,UNUSED,1474.00,,,,
ret_000187,ord_000844,2026-05-17T02:35:43+05:30,2026-05-17T19:24:29+05:30,DEFECTIVE,REFUNDED,UNKNOWN,1139.00,,,,
ret_000188,ord_000834,2026-05-19T01:28:44+05:30,2026-05-20T03:57:19+05:30,CHANGED_MIND,ACCEPTED,UNUSED,,,,,
ret_000189,ord_000862,2026-05-20T03:40:09+05:30,2026-05-21T00:43:46+05:30,CHANGED_MIND,REFUNDED,DAMAGED_BY_CUSTOMER,419.00,,,,
ret_000190,ord_000860,2026-05-20T05:09:19+05:30,2026-05-21T14:36:16+05:30,NOT_AS_DESCRIBED,REFUNDED,DAMAGED_BY_CUSTOMER,520.00,,,,
ret_000191,ord_000900,2026-05-21T01:54:24+05:30,2026-05-23T01:50:51+05:30,CHANGED_MIND,ACCEPTED,USED,,,,,
ret_000192,ord_000903,2026-05-21T20:18:15+05:30,2026-05-22T12:31:48+05:30,CHANGED_MIND,ACCEPTED,UNUSED,,,,,
ret_000193,ord_000876,2026-05-22T21:02:38+05:30,2026-05-23T07:43:45+05:30,SIZE_FIT,REFUNDED,UNUSED,1422.00,,,,
ret_000194,ord_000908,2026-05-23T01:10:45+05:30,2026-05-24T05:56:17+05:30,CHANGED_MIND,ACCEPTED,UNKNOWN,,,,,
ret_000195,ord_000910,2026-05-24T01:19:33+05:30,2026-05-25T13:44:38+05:30,DEFECTIVE,REFUNDED,UNUSED,846.00,,,,
ret_000196,ord_000868,2026-05-24T04:38:13+05:30,2026-05-24T22:08:03+05:30,NOT_AS_DESCRIBED,ACCEPTED,UNUSED,,,,,
ret_000197,ord_000886,2026-05-24T12:53:34+05:30,2026-05-24T18:53:46+05:30,WRONG_ITEM,ACCEPTED,UNKNOWN,,,,,
ret_000198,ord_000912,2026-05-24T13:17:07+05:30,2026-05-25T00:41:38+05:30,CHANGED_MIND,ACCEPTED,USED,,,,,
ret_000199,ord_000894,2026-05-25T01:33:03+05:30,2026-05-26T04:28:06+05:30,SIZE_FIT,REFUNDED,UNKNOWN,2588.00,,,,
ret_000200,ord_000913,2026-05-25T01:38:29+05:30,2026-05-25T17:38:32+05:30,CHANGED_MIND,REFUNDED,USED,727.00,,,,
ret_000201,ord_000918,2026-05-25T05:04:51+05:30,2026-05-25T21:48:23+05:30,CHANGED_MIND,REFUNDED,USED,723.00,,,,
ret_000202,ord_000909,2026-05-25T17:37:25+05:30,2026-05-27T01:10:56+05:30,CHANGED_MIND,ACCEPTED,UNUSED,,,,,
ret_000203,ord_000897,2026-05-25T21:47:56+05:30,2026-05-26T19:53:13+05:30,CHANGED_MIND,ACCEPTED,USED,,,,,
ret_000204,ord_000919,2026-05-25T23:16:56+05:30,2026-05-27T06:41:12+05:30,WRONG_ITEM,REFUNDED,UNUSED,2486.00,,,,
ret_000205,ord_000867,2026-05-26T05:49:28+05:30,,CHANGED_MIND,REJECTED,,,,,,
ret_000206,ord_000907,2026-05-27T10:38:58+05:30,2026-05-28T22:50:22+05:30,NOT_AS_DESCRIBED,REFUNDED,UNUSED,3006.00,,,,
ret_000207,ord_000888,2026-05-27T14:01:43+05:30,2026-05-28T12:25:52+05:30,CHANGED_MIND,REFUNDED,UNUSED,573.00,,,,
ret_000208,ord_000931,2026-05-28T07:15:49+05:30,2026-05-29T02:09:08+05:30,CHANGED_MIND,REFUNDED,USED,1426.00,,,,
ret_000209,ord_000898,2026-05-28T14:11:07+05:30,2026-05-29T11:47:14+05:30,CHANGED_MIND,REFUNDED,UNUSED,500.00,,,,
ret_000210,ord_000952,2026-05-31T20:25:04+05:30,2026-06-01T11:02:17+05:30,SIZE_FIT,REFUNDED,UNUSED,1029.00,,,,
ret_000211,ord_000954,2026-06-02T09:15:12+05:30,2026-06-03T08:47:11+05:30,SIZE_FIT,ACCEPTED,USED,,,,,
ret_000212,ord_000982,2026-06-02T23:44:07+05:30,2026-06-03T07:15:37+05:30,CHANGED_MIND,ACCEPTED,USED,,,,,
ret_000213,ord_000961,2026-06-04T10:56:04+05:30,2026-06-05T18:17:51+05:30,CHANGED_MIND,ACCEPTED,UNUSED,,,,,
ret_000214,ord_000970,2026-06-05T20:16:35+05:30,2026-06-07T18:10:45+05:30,DAMAGED_IN_TRANSIT,ACCEPTED,UNUSED,,,,,
ret_000215,ord_000973,2026-06-05T22:53:33+05:30,2026-06-07T20:20:34+05:30,CHANGED_MIND,REFUNDED,UNKNOWN,562.00,,,,
ret_000216,ord_000996,2026-06-06T22:57:21+05:30,2026-06-07T19:46:24+05:30,CHANGED_MIND,ACCEPTED,UNUSED,,,,,
ret_000217,ord_000965,2026-06-07T12:34:49+05:30,,CHANGED_MIND,REJECTED,,,,,,
ret_000218,ord_001005,2026-06-08T05:04:09+05:30,2026-06-08T23:08:29+05:30,CHANGED_MIND,REFUNDED,UNUSED,1546.00,,,,
ret_000219,ord_000993,2026-06-09T02:25:37+05:30,2026-06-09T18:29:32+05:30,NOT_AS_DESCRIBED,REFUNDED,UNUSED,357.00,,,,
ret_000220,ord_001032,2026-06-11T11:16:27+05:30,2026-06-13T02:05:17+05:30,SIZE_FIT,REFUNDED,USED,671.00,,,,
ret_000221,ord_001028,2026-06-11T17:17:23+05:30,2026-06-12T01:03:12+05:30,NOT_AS_DESCRIBED,REFUNDED,USED,1009.00,,,,
ret_000222,ord_001029,2026-06-11T17:40:28+05:30,2026-06-13T07:09:22+05:30,SIZE_FIT,ACCEPTED,USED,,,,,
ret_000223,ord_001016,2026-06-11T20:53:44+05:30,2026-06-12T19:49:11+05:30,SIZE_FIT,REFUNDED,UNUSED,1715.00,,,,
ret_000224,ord_000942,2026-06-13T13:36:35+05:30,,NOT_AS_DESCRIBED,REJECTED,,,,,,
ret_000225,ord_001037,2026-06-14T05:17:25+05:30,2026-06-15T17:00:48+05:30,CHANGED_MIND,REFUNDED,UNUSED,3027.00,,,,
ret_000226,ord_001040,2026-06-15T12:33:00+05:30,2026-06-16T17:13:07+05:30,SIZE_FIT,REFUNDED,USED,4011.00,,,,
ret_000227,ord_001020,2026-06-15T16:37:13+05:30,2026-06-16T00:26:58+05:30,CHANGED_MIND,REFUNDED,UNUSED,985.00,,,,
ret_000228,ord_001053,2026-06-16T00:32:53+05:30,2026-06-17T07:34:44+05:30,NOT_AS_DESCRIBED,REFUNDED,UNUSED,589.00,,,,
ret_000229,ord_001057,2026-06-16T06:00:27+05:30,2026-06-16T15:05:41+05:30,NOT_AS_DESCRIBED,REFUNDED,USED,326.00,,,,
ret_000230,ord_001039,2026-06-16T10:34:04+05:30,2026-06-17T15:51:08+05:30,DAMAGED_IN_TRANSIT,REFUNDED,UNUSED,2698.00,,,,
ret_000231,ord_001052,2026-06-16T13:12:21+05:30,2026-06-18T08:02:19+05:30,SIZE_FIT,REFUNDED,UNUSED,3134.00,,,,
ret_000232,ord_001050,2026-06-17T07:35:35+05:30,2026-06-17T16:48:29+05:30,WRONG_ITEM,ACCEPTED,UNKNOWN,,,,,
ret_000233,ord_001062,2026-06-17T18:33:26+05:30,2026-06-18T21:02:45+05:30,CHANGED_MIND,ACCEPTED,USED,,,,,
ret_000234,ord_001078,2026-06-18T00:25:34+05:30,2026-06-18T14:02:53+05:30,DEFECTIVE,REFUNDED,UNUSED,521.00,,,,
ret_000235,ord_001085,2026-06-18T23:49:39+05:30,2026-06-20T00:57:01+05:30,SIZE_FIT,REFUNDED,USED,908.00,,,,
ret_000236,ord_001063,2026-06-19T10:08:36+05:30,2026-06-21T06:33:49+05:30,NOT_AS_DESCRIBED,ACCEPTED,UNKNOWN,,,,,
ret_000237,ord_001075,2026-06-19T12:22:12+05:30,2026-06-20T17:40:55+05:30,SIZE_FIT,REFUNDED,USED,749.00,,,,
ret_000238,ord_001079,2026-06-19T18:49:08+05:30,2026-06-20T12:58:06+05:30,NOT_AS_DESCRIBED,REFUNDED,UNUSED,3038.00,,,,
ret_000239,ord_001077,2026-06-20T02:32:49+05:30,2026-06-21T13:22:04+05:30,NOT_AS_DESCRIBED,ACCEPTED,USED,,,,,
ret_000240,ord_001074,2026-06-20T05:45:14+05:30,2026-06-22T05:11:08+05:30,CHANGED_MIND,ACCEPTED,UNUSED,,,,,
ret_000241,ord_001082,2026-06-20T08:39:36+05:30,2026-06-21T18:56:35+05:30,CHANGED_MIND,REFUNDED,USED,1085.00,,,,
ret_000242,ord_001071,2026-06-21T09:56:50+05:30,2026-06-22T10:38:57+05:30,CHANGED_MIND,REFUNDED,UNKNOWN,1507.00,,,,
ret_000243,ord_001090,2026-06-21T10:30:47+05:30,2026-06-23T05:20:37+05:30,SIZE_FIT,REFUNDED,UNUSED,719.00,,,,
ret_000244,ord_001087,2026-06-21T13:53:19+05:30,2026-06-22T10:51:53+05:30,DEFECTIVE,REFUNDED,UNUSED,713.00,,,,
ret_000245,ord_001081,2026-06-22T03:25:52+05:30,2026-06-24T00:56:18+05:30,CHANGED_MIND,ACCEPTED,UNUSED,,,,,
ret_000246,ord_001103,2026-06-23T08:05:08+05:30,2026-06-24T12:34:32+05:30,NOT_AS_DESCRIBED,REFUNDED,UNUSED,402.00,,,,
ret_000247,ord_001127,2026-06-24T21:43:00+05:30,2026-06-26T17:41:26+05:30,NOT_AS_DESCRIBED,REFUNDED,USED,1559.00,,,,
ret_000248,ord_001108,2026-06-25T01:08:21+05:30,2026-06-25T21:14:06+05:30,SIZE_FIT,REFUNDED,UNUSED,1071.00,,,,
ret_000249,ord_001117,2026-06-26T04:31:44+05:30,2026-06-26T14:43:55+05:30,SIZE_FIT,REFUNDED,UNUSED,555.00,,,,
ret_000250,ord_001138,2026-06-28T11:32:50+05:30,2026-06-30T08:45:20+05:30,WRONG_ITEM,REFUNDED,UNUSED,1180.00,,,,
ret_000251,ord_001086,2026-06-28T17:57:35+05:30,2026-06-30T15:04:52+05:30,CHANGED_MIND,ACCEPTED,UNUSED,,,,,
ret_000252,ord_001135,2026-06-29T03:32:01+05:30,2026-06-30T11:21:25+05:30,CHANGED_MIND,REFUNDED,USED,1078.00,,,,
ret_000253,ord_001109,2026-06-30T15:15:57+05:30,2026-07-01T19:35:40+05:30,NOT_AS_DESCRIBED,REFUNDED,UNUSED,1318.00,,,,
ret_000254,ord_001125,2026-07-01T16:05:57+05:30,2026-07-03T09:09:06+05:30,NOT_AS_DESCRIBED,REFUNDED,UNUSED,785.00,,,,
ret_000255,ord_001159,2026-07-02T03:41:31+05:30,2026-07-04T03:01:09+05:30,CHANGED_MIND,REFUNDED,USED,688.00,,,,
ret_000256,ord_001152,2026-07-02T16:09:10+05:30,2026-07-04T03:47:16+05:30,CHANGED_MIND,ACCEPTED,UNKNOWN,,,,,
ret_000257,ord_001148,2026-07-02T17:39:45+05:30,2026-07-04T09:31:16+05:30,NOT_AS_DESCRIBED,REFUNDED,UNUSED,942.00,,,,
ret_000258,ord_001129,2026-07-03T05:11:38+05:30,,CHANGED_MIND,REJECTED,,,,,,
ret_000259,ord_001166,2026-07-03T05:16:45+05:30,2026-07-03T15:02:14+05:30,DEFECTIVE,REFUNDED,UNUSED,378.00,,,,
ret_000260,ord_001173,2026-07-03T09:03:54+05:30,2026-07-04T13:47:18+05:30,DEFECTIVE,ACCEPTED,UNUSED,,,,,
ret_000261,ord_001171,2026-07-04T19:53:39+05:30,,SIZE_FIT,REQUESTED,,,,,,
