order_id,shipped_at,delivered_at,delivery_status,delivery_attempts,forward_shipping_inr,packaging_inr
ord_000001,2026-01-01T17:26:32+05:30,,RTO,3,,
ord_000002,2026-01-02T09:45:08+05:30,2026-01-06T23:01:43+05:30,DELIVERED,1,,
ord_000003,2026-01-02T08:54:31+05:30,2026-01-05T11:07:37+05:30,DELIVERED,1,,
ord_000004,2026-01-03T08:54:21+05:30,2026-01-09T02:30:49+05:30,DELIVERED,1,,
ord_000005,2026-01-03T10:12:10+05:30,2026-01-08T05:32:12+05:30,DELIVERED,1,,
ord_000006,2026-01-04T04:46:29+05:30,2026-01-06T16:36:20+05:30,DELIVERED,1,,
ord_000007,2026-01-04T11:57:26+05:30,2026-01-07T21:08:07+05:30,DELIVERED,1,,
ord_000008,2026-01-04T21:09:30+05:30,2026-01-10T20:34:06+05:30,DELIVERED,1,,
ord_000009,2026-01-04T02:37:50+05:30,2026-01-06T08:24:41+05:30,DELIVERED,1,,
ord_000010,2026-01-05T03:33:32+05:30,2026-01-09T21:12:42+05:30,DELIVERED,2,,
ord_000011,2026-01-05T02:33:57+05:30,2026-01-10T22:50:46+05:30,DELIVERED,1,,
ord_000012,2026-01-05T06:00:13+05:30,,RTO,2,,
ord_000013,2026-01-05T15:11:16+05:30,2026-01-08T05:54:59+05:30,DELIVERED,1,,
ord_000014,2026-01-05T02:36:04+05:30,2026-01-07T14:49:10+05:30,DELIVERED,1,,
ord_000015,2026-01-06T04:15:02+05:30,2026-01-11T13:32:53+05:30,DELIVERED,2,,
ord_000016,2026-01-05T08:10:32+05:30,2026-01-09T23:46:29+05:30,DELIVERED,1,,
ord_000017,2026-01-05T08:31:03+05:30,2026-01-08T09:59:36+05:30,DELIVERED,1,,
ord_000018,2026-01-05T18:41:12+05:30,2026-01-10T04:29:02+05:30,DELIVERED,2,,
ord_000019,2026-01-05T20:12:16+05:30,2026-01-10T19:17:18+05:30,DELIVERED,1,,
ord_000020,2026-01-06T21:14:35+05:30,2026-01-12T08:29:31+05:30,DELIVERED,1,,
ord_000021,2026-01-06T12:32:21+05:30,,RTO,2,,
ord_000022,2026-01-06T13:46:00+05:30,2026-01-11T15:16:30+05:30,DELIVERED,1,,
ord_000023,2026-01-06T17:27:10+05:30,2026-01-11T01:52:51+05:30,DELIVERED,1,,
ord_000024,2026-01-06T15:47:54+05:30,2026-01-09T10:10:19+05:30,DELIVERED,1,,
ord_000025,2026-01-07T14:37:09+05:30,2026-01-10T21:29:29+05:30,DELIVERED,1,,
ord_000026,2026-01-07T12:25:02+05:30,,RTO,2,,
ord_000027,2026-01-07T19:31:59+05:30,2026-01-12T20:04:14+05:30,DELIVERED,1,,
ord_000028,2026-01-08T03:50:42+05:30,2026-01-11T23:56:09+05:30,DELIVERED,1,,
ord_000029,2026-01-07T05:04:21+05:30,2026-01-10T17:10:48+05:30,DELIVERED,2,,
ord_000030,2026-01-07T16:07:36+05:30,2026-01-10T04:11:34+05:30,DELIVERED,1,,
ord_000031,2026-01-08T02:31:50+05:30,2026-01-11T02:26:40+05:30,DELIVERED,2,,
ord_000032,2026-01-08T01:19:33+05:30,2026-01-12T22:40:05+05:30,DELIVERED,2,,
ord_000033,2026-01-07T16:26:58+05:30,,RTO,2,,
ord_000034,2026-01-08T14:47:43+05:30,,DELIVERED,1,,
ord_000035,2026-01-08T01:00:08+05:30,2026-01-12T23:58:18+05:30,DELIVERED,1,,
ord_000036,2026-01-07T23:52:07+05:30,2026-01-13T14:20:26+05:30,DELIVERED,1,,
ord_000037,2026-01-08T03:43:10+05:30,2026-01-10T21:40:03+05:30,DELIVERED,1,,
ord_000038,2026-01-09T13:05:52+05:30,2026-01-12T16:07:51+05:30,DELIVERED,1,,
ord_000039,2026-01-08T20:14:14+05:30,2026-01-13T05:02:41+05:30,DELIVERED,1,,
ord_000040,2026-01-09T07:14:41+05:30,2026-01-13T00:24:48+05:30,DELIVERED,1,,
ord_000041,2026-01-09T07:53:32+05:30,2026-01-12T19:41:10+05:30,DELIVERED,1,,
ord_000042,2026-01-09T00:32:43+05:30,2026-01-14T07:54:30+05:30,DELIVERED,1,,
ord_000043,2026-01-08T23:22:12+05:30,,LOST,1,,
ord_000044,2026-01-09T19:28:07+05:30,,RTO,3,,
ord_000045,2026-01-10T04:22:16+05:30,2026-01-13T21:55:35+05:30,DELIVERED,1,,
ord_000046,2026-01-09T17:21:52+05:30,2026-01-14T10:06:18+05:30,DELIVERED,1,,
ord_000047,2026-01-09T17:59:41+05:30,2026-01-12T02:37:49+05:30,DELIVERED,1,,
ord_000048,2026-01-09T18:45:33+05:30,,RTO,2,,
ord_000049,2026-01-09T18:58:02+05:30,2026-01-11T19:00:42+05:30,DELIVERED,1,,
ord_000050,2026-01-10T12:27:40+05:30,2026-01-14T14:45:03+05:30,DELIVERED,1,,
ord_000051,2026-01-10T22:22:55+05:30,2026-01-13T12:53:03+05:30,DELIVERED,2,,
ord_000052,2026-01-10T13:49:47+05:30,,RTO,2,,
ord_000053,2026-01-10T12:10:16+05:30,2026-01-15T22:18:26+05:30,DELIVERED,2,,
ord_000054,2026-01-10T11:20:18+05:30,,RTO,3,,
ord_000055,2026-01-11T10:46:02+05:30,2026-01-14T19:51:54+05:30,DELIVERED,1,,
ord_000056,2026-01-11T08:00:33+05:30,2026-01-15T14:56:57+05:30,DELIVERED,1,,
ord_000057,2026-01-10T15:26:57+05:30,,DELIVERED,1,,
ord_000058,2026-01-11T17:41:43+05:30,2026-01-15T10:52:21+05:30,DELIVERED,1,,
ord_000059,2026-01-11T10:37:19+05:30,2026-01-13T21:20:05+05:30,DELIVERED,1,,
ord_000060,2026-01-11T10:32:38+05:30,2026-01-14T04:41:32+05:30,DELIVERED,1,,
ord_000061,2026-01-11T05:43:16+05:30,2026-01-14T20:05:49+05:30,DELIVERED,1,,
ord_000062,2026-01-12T07:03:10+05:30,2026-01-16T03:12:59+05:30,DELIVERED,1,,
ord_000063,2026-01-12T15:08:52+05:30,2026-01-18T06:41:05+05:30,DELIVERED,1,,
ord_000064,2026-01-11T18:21:32+05:30,2026-01-16T09:25:43+05:30,DELIVERED,1,,
ord_000065,2026-01-11T22:06:03+05:30,2026-01-15T21:16:49+05:30,DELIVERED,2,,
ord_000066,2026-01-12T07:05:16+05:30,2026-01-16T04:04:23+05:30,DELIVERED,1,,
ord_000067,2026-01-12T15:44:29+05:30,2026-01-18T07:31:45+05:30,DELIVERED,1,,
ord_000068,2026-01-12T14:27:11+05:30,2026-01-17T22:46:47+05:30,DELIVERED,1,,
ord_000069,2026-01-12T11:05:14+05:30,,DELIVERED,1,,
ord_000070,2026-01-12T13:31:53+05:30,2026-01-14T19:40:53+05:30,DELIVERED,1,,
ord_000071,2026-01-13T14:58:29+05:30,2026-01-18T09:15:05+05:30,DELIVERED,1,,
ord_000072,2026-01-13T23:10:36+05:30,2026-01-18T20:07:35+05:30,DELIVERED,1,,
ord_000073,2026-01-13T04:06:03+05:30,2026-01-17T05:07:21+05:30,DELIVERED,1,,
ord_000074,2026-01-13T04:11:16+05:30,2026-01-16T22:41:29+05:30,DELIVERED,2,,
ord_000075,2026-01-13T13:05:41+05:30,2026-01-18T01:44:27+05:30,DELIVERED,1,,
ord_000076,2026-01-13T23:11:07+05:30,2026-01-18T04:01:37+05:30,DELIVERED,1,,
ord_000077,2026-01-14T12:08:41+05:30,,RTO,3,,
ord_000078,2026-01-13T19:58:44+05:30,2026-01-18T20:44:42+05:30,DELIVERED,1,,
ord_000079,2026-01-15T00:29:22+05:30,2026-01-19T14:00:30+05:30,DELIVERED,1,,
ord_000080,2026-01-14T13:28:30+05:30,2026-01-19T05:37:59+05:30,DELIVERED,1,,
ord_000081,2026-01-15T00:56:56+05:30,2026-01-20T16:00:41+05:30,DELIVERED,1,,
ord_000082,2026-01-14T20:01:43+05:30,,RTO,3,,
ord_000083,2026-01-15T00:35:40+05:30,2026-01-18T13:46:51+05:30,DELIVERED,1,,
ord_000084,2026-01-14T21:06:38+05:30,2026-01-17T09:50:57+05:30,DELIVERED,1,,
ord_000085,2026-01-14T08:16:39+05:30,2026-01-16T19:34:22+05:30,DELIVERED,1,,
ord_000086,2026-01-14T21:56:16+05:30,,RTO,3,,
ord_000087,2026-01-15T18:10:39+05:30,2026-01-20T11:03:16+05:30,DELIVERED,1,,
ord_000088,2026-01-14T22:42:49+05:30,2026-01-18T04:03:02+05:30,DELIVERED,1,,
ord_000089,2026-01-15T16:22:45+05:30,2026-01-20T01:57:25+05:30,DELIVERED,1,,
ord_000090,2026-01-15T19:10:15+05:30,2026-01-21T05:43:36+05:30,DELIVERED,1,,
ord_000091,2026-01-16T08:59:50+05:30,2026-01-18T18:31:45+05:30,DELIVERED,1,,
ord_000092,2026-01-16T02:36:05+05:30,,RTO,3,,
ord_000093,2026-01-15T22:51:39+05:30,2026-01-20T19:17:28+05:30,DELIVERED,1,,
ord_000094,2026-01-16T10:07:12+05:30,2026-01-19T07:12:41+05:30,DELIVERED,1,,
ord_000095,2026-01-17T01:49:58+05:30,2026-01-22T08:26:02+05:30,DELIVERED,1,,
ord_000096,2026-01-16T14:52:02+05:30,,DELIVERED,1,,
ord_000097,2026-01-17T19:21:14+05:30,2026-01-22T21:16:03+05:30,DELIVERED,1,,
ord_000098,2026-01-17T01:49:06+05:30,2026-01-22T10:55:08+05:30,DELIVERED,1,,
ord_000099,2026-01-16T23:22:45+05:30,,RTO,2,,
ord_000100,2026-01-17T18:59:16+05:30,2026-01-23T05:22:59+05:30,DELIVERED,1,,
ord_000101,2026-01-18T11:46:13+05:30,2026-01-23T14:03:52+05:30,DELIVERED,1,,
ord_000102,2026-01-18T18:05:18+05:30,2026-01-22T00:10:40+05:30,DELIVERED,1,,
ord_000103,2026-01-18T23:16:21+05:30,2026-01-23T03:04:06+05:30,DELIVERED,1,,
ord_000104,2026-01-19T04:06:13+05:30,2026-01-22T10:16:58+05:30,DELIVERED,1,,
ord_000105,2026-01-18T18:18:11+05:30,2026-01-23T20:42:22+05:30,DELIVERED,1,,
ord_000106,2026-01-19T11:13:15+05:30,2026-01-23T21:43:30+05:30,DELIVERED,2,,
ord_000107,2026-01-20T01:20:44+05:30,2026-01-22T03:24:14+05:30,DELIVERED,2,,
ord_000108,2026-01-20T00:53:33+05:30,2026-01-23T00:59:30+05:30,DELIVERED,1,,
ord_000109,2026-01-19T07:09:06+05:30,2026-01-22T16:47:50+05:30,DELIVERED,1,,
ord_000110,2026-01-19T23:39:03+05:30,2026-01-22T16:28:34+05:30,DELIVERED,1,,
ord_000111,2026-01-20T04:58:53+05:30,2026-01-25T09:59:48+05:30,DELIVERED,1,,
ord_000112,2026-01-19T22:17:04+05:30,2026-01-23T15:38:37+05:30,DELIVERED,1,,
ord_000113,2026-01-20T12:50:05+05:30,2026-01-26T07:20:56+05:30,DELIVERED,1,,
ord_000114,2026-01-21T12:13:42+05:30,2026-01-27T00:48:40+05:30,DELIVERED,2,,
ord_000115,2026-01-21T01:23:20+05:30,,RTO,3,,
ord_000116,2026-01-20T19:12:33+05:30,2026-01-23T11:44:10+05:30,DELIVERED,2,,
ord_000117,2026-01-20T18:28:14+05:30,2026-01-24T22:21:18+05:30,DELIVERED,1,,
ord_000118,2026-01-21T18:26:50+05:30,2026-01-25T04:20:42+05:30,DELIVERED,1,,
ord_000119,2026-01-21T22:34:40+05:30,,RTO,3,,
ord_000120,2026-01-21T00:34:58+05:30,2026-01-23T13:45:24+05:30,DELIVERED,1,,
ord_000121,2026-01-21T21:58:07+05:30,2026-01-25T06:57:32+05:30,DELIVERED,1,,
ord_000122,2026-01-21T21:20:23+05:30,2026-01-27T01:16:36+05:30,DELIVERED,1,,
ord_000123,2026-01-21T07:29:30+05:30,2026-01-25T04:49:54+05:30,DELIVERED,1,,
ord_000124,2026-01-21T08:22:38+05:30,2026-01-27T08:02:12+05:30,DELIVERED,1,,
ord_000125,2026-01-22T04:25:11+05:30,2026-01-24T05:09:01+05:30,DELIVERED,1,,
ord_000126,2026-01-21T18:57:13+05:30,2026-01-26T06:59:49+05:30,DELIVERED,2,,
ord_000127,2026-01-23T02:12:58+05:30,,NDR,3,,
ord_000128,2026-01-22T18:40:55+05:30,2026-01-25T12:47:43+05:30,DELIVERED,1,,
ord_000129,2026-01-22T14:52:26+05:30,2026-01-27T07:17:11+05:30,DELIVERED,2,,
ord_000130,2026-01-22T18:30:33+05:30,2026-01-26T15:15:40+05:30,DELIVERED,2,,
ord_000131,2026-01-22T21:05:11+05:30,,RTO,3,,
ord_000132,2026-01-23T20:33:25+05:30,2026-01-26T09:17:04+05:30,DELIVERED,1,,
ord_000133,2026-01-23T01:02:48+05:30,2026-01-26T13:27:39+05:30,DELIVERED,2,,
ord_000134,2026-01-23T05:37:17+05:30,2026-01-27T11:08:54+05:30,DELIVERED,2,,
ord_000135,2026-01-24T03:44:08+05:30,2026-01-26T14:46:14+05:30,DELIVERED,1,,
ord_000136,2026-01-23T11:45:53+05:30,2026-01-27T06:25:29+05:30,DELIVERED,1,,
ord_000137,2026-01-24T00:52:30+05:30,2026-01-29T21:15:35+05:30,DELIVERED,1,,
ord_000138,2026-01-24T08:21:33+05:30,2026-01-28T18:30:45+05:30,DELIVERED,1,,
ord_000139,2026-01-23T19:11:36+05:30,2026-01-26T23:55:27+05:30,DELIVERED,1,,
ord_000140,2026-01-23T17:18:48+05:30,2026-01-27T10:00:57+05:30,DELIVERED,1,,
ord_000141,2026-01-24T11:09:10+05:30,2026-01-27T18:20:12+05:30,DELIVERED,1,,
ord_000142,2026-01-24T01:36:16+05:30,2026-01-28T16:08:48+05:30,DELIVERED,1,,
ord_000143,2026-01-24T00:30:50+05:30,2026-01-28T23:33:50+05:30,DELIVERED,2,,
ord_000144,2026-01-24T16:52:44+05:30,2026-01-29T21:53:55+05:30,DELIVERED,2,,
ord_000145,2026-01-25T03:05:17+05:30,,LOST,1,,
ord_000146,2026-01-25T00:25:16+05:30,2026-01-29T06:08:01+05:30,DELIVERED,1,,
ord_000147,2026-01-25T08:18:01+05:30,2026-01-29T16:20:34+05:30,DELIVERED,1,,
ord_000148,2026-01-25T11:53:18+05:30,2026-01-28T17:01:06+05:30,DELIVERED,2,,
ord_000149,2026-01-24T17:17:28+05:30,,NDR,3,,
ord_000150,2026-01-25T17:47:27+05:30,2026-01-28T18:21:47+05:30,DELIVERED,1,,
ord_000151,2026-01-25T13:38:35+05:30,2026-01-30T15:55:44+05:30,DELIVERED,1,,
ord_000152,2026-01-26T02:52:45+05:30,2026-01-31T09:21:19+05:30,DELIVERED,1,,
ord_000153,2026-01-26T03:40:21+05:30,2026-01-28T16:29:10+05:30,DELIVERED,1,,
ord_000154,2026-01-26T07:40:00+05:30,2026-01-30T21:10:55+05:30,DELIVERED,1,,
ord_000155,2026-01-25T20:25:05+05:30,2026-01-28T06:28:54+05:30,DELIVERED,2,,
ord_000156,2026-01-26T10:40:54+05:30,,RTO,2,,
ord_000157,2026-01-27T08:48:13+05:30,,RTO,3,,
ord_000158,2026-01-27T21:23:18+05:30,2026-01-30T20:32:38+05:30,DELIVERED,1,,
ord_000159,2026-01-27T01:11:53+05:30,2026-02-01T13:46:57+05:30,DELIVERED,1,,
ord_000160,2026-01-27T18:49:18+05:30,2026-02-01T15:54:06+05:30,DELIVERED,1,,
ord_000161,2026-01-27T13:36:51+05:30,2026-01-31T23:36:22+05:30,DELIVERED,1,,
ord_000162,2026-01-28T05:46:44+05:30,,RTO,3,,
ord_000163,2026-01-27T15:41:58+05:30,2026-02-01T22:23:47+05:30,DELIVERED,1,,
ord_000164,2026-01-27T12:49:29+05:30,2026-02-01T06:22:41+05:30,DELIVERED,1,,
ord_000165,2026-01-28T07:05:25+05:30,2026-02-01T03:43:14+05:30,DELIVERED,1,,
ord_000166,2026-01-27T21:01:58+05:30,2026-02-02T05:07:28+05:30,DELIVERED,2,,
ord_000167,2026-01-28T06:06:29+05:30,2026-02-01T07:04:40+05:30,DELIVERED,2,,
ord_000168,2026-01-28T06:56:44+05:30,2026-01-30T11:59:13+05:30,DELIVERED,1,,
ord_000169,2026-01-27T19:29:41+05:30,,RTO,3,,
ord_000170,2026-01-28T20:46:20+05:30,2026-01-31T16:26:55+05:30,DELIVERED,1,,
ord_000171,2026-01-28T17:17:09+05:30,2026-02-01T22:14:37+05:30,DELIVERED,1,,
ord_000172,2026-01-29T01:17:33+05:30,2026-02-01T18:41:39+05:30,DELIVERED,1,,
ord_000173,2026-01-28T07:01:37+05:30,,RTO,3,,
ord_000174,2026-01-29T06:12:21+05:30,2026-02-03T12:34:53+05:30,DELIVERED,1,,
ord_000175,2026-01-29T13:34:25+05:30,2026-02-03T12:50:22+05:30,DELIVERED,1,,
ord_000176,2026-01-29T22:43:59+05:30,2026-02-04T15:01:10+05:30,DELIVERED,1,,
ord_000177,2026-01-30T08:56:32+05:30,2026-02-03T09:40:36+05:30,DELIVERED,1,,
ord_000178,2026-01-30T11:20:39+05:30,2026-02-02T03:44:38+05:30,DELIVERED,2,,
ord_000179,2026-01-30T08:21:11+05:30,2026-02-04T20:18:55+05:30,DELIVERED,1,,
ord_000180,2026-01-29T17:25:01+05:30,2026-02-02T10:08:03+05:30,DELIVERED,1,,
ord_000181,2026-01-29T19:45:41+05:30,,RTO,2,,
ord_000182,2026-01-29T18:53:34+05:30,2026-02-04T17:38:33+05:30,DELIVERED,1,,
ord_000183,2026-01-30T13:30:23+05:30,2026-02-04T22:29:33+05:30,DELIVERED,2,,
ord_000184,2026-01-30T12:17:07+05:30,,RTO,2,,
ord_000185,2026-01-30T14:52:49+05:30,2026-02-05T00:11:08+05:30,DELIVERED,2,,
ord_000186,2026-01-31T01:28:48+05:30,2026-02-05T03:43:17+05:30,DELIVERED,1,,
ord_000187,2026-01-31T14:14:55+05:30,2026-02-06T04:33:41+05:30,DELIVERED,1,,
ord_000188,2026-01-31T05:56:03+05:30,2026-02-02T22:51:25+05:30,DELIVERED,1,,
ord_000189,2026-01-31T23:46:04+05:30,2026-02-04T23:13:49+05:30,DELIVERED,1,,
ord_000190,2026-01-31T19:27:35+05:30,2026-02-03T11:11:52+05:30,DELIVERED,1,,
ord_000191,2026-01-31T16:39:17+05:30,2026-02-02T22:29:35+05:30,DELIVERED,1,,
ord_000192,2026-01-31T17:41:13+05:30,2026-02-03T18:39:53+05:30,DELIVERED,1,,
ord_000193,2026-02-01T02:03:26+05:30,2026-02-03T23:34:40+05:30,DELIVERED,2,,
ord_000194,2026-02-01T14:17:15+05:30,2026-02-07T00:17:40+05:30,DELIVERED,1,,
ord_000195,2026-02-01T14:34:00+05:30,2026-02-05T22:58:11+05:30,DELIVERED,2,,
ord_000196,2026-02-01T00:17:17+05:30,2026-02-03T17:52:34+05:30,DELIVERED,1,,
ord_000197,2026-02-02T00:13:09+05:30,2026-02-07T12:31:39+05:30,DELIVERED,2,,
ord_000198,2026-02-02T07:28:30+05:30,2026-02-05T01:34:39+05:30,DELIVERED,1,,
ord_000199,2026-02-01T22:05:44+05:30,2026-02-05T20:06:13+05:30,DELIVERED,1,,
ord_000200,2026-02-02T19:43:21+05:30,2026-02-07T03:31:26+05:30,DELIVERED,1,,
ord_000201,2026-02-01T22:43:51+05:30,2026-02-07T10:20:32+05:30,DELIVERED,1,,
ord_000202,2026-02-02T21:48:55+05:30,2026-02-05T17:24:31+05:30,DELIVERED,1,,
ord_000203,2026-02-02T07:12:38+05:30,2026-02-07T10:07:44+05:30,DELIVERED,2,,
ord_000204,2026-02-02T14:45:15+05:30,2026-02-06T19:45:08+05:30,DELIVERED,1,,
ord_000205,2026-02-03T07:24:13+05:30,2026-02-06T23:45:22+05:30,DELIVERED,1,,
ord_000206,2026-02-03T15:17:21+05:30,2026-02-05T23:32:28+05:30,DELIVERED,1,,
ord_000207,2026-02-03T04:59:02+05:30,2026-02-08T13:10:21+05:30,DELIVERED,1,,
ord_000208,2026-02-03T01:31:25+05:30,2026-02-06T18:45:00+05:30,DELIVERED,1,,
ord_000209,2026-02-03T21:16:49+05:30,2026-02-08T10:30:02+05:30,DELIVERED,1,,
ord_000210,2026-02-03T17:43:08+05:30,,RTO,2,,
ord_000211,2026-02-04T06:34:19+05:30,,RTO,3,,
ord_000212,2026-02-04T10:46:06+05:30,2026-02-10T06:11:15+05:30,DELIVERED,2,,
ord_000213,2026-02-03T21:17:34+05:30,2026-02-07T00:39:56+05:30,DELIVERED,1,,
ord_000214,2026-02-04T03:00:15+05:30,2026-02-06T18:52:30+05:30,DELIVERED,1,,
ord_000215,2026-02-04T13:36:01+05:30,2026-02-10T00:07:05+05:30,DELIVERED,1,,
ord_000216,2026-02-04T03:39:38+05:30,,RTO,3,,
ord_000217,2026-02-04T02:48:10+05:30,2026-02-09T07:50:44+05:30,DELIVERED,1,,
ord_000218,2026-02-04T01:43:21+05:30,2026-02-07T12:17:22+05:30,DELIVERED,2,,
ord_000219,2026-02-04T06:56:05+05:30,2026-02-06T19:24:46+05:30,DELIVERED,1,,
ord_000220,2026-02-04T20:34:23+05:30,2026-02-07T22:01:37+05:30,DELIVERED,2,,
ord_000221,2026-02-04T03:45:22+05:30,2026-02-09T13:30:11+05:30,DELIVERED,1,,
ord_000222,2026-02-04T20:50:51+05:30,2026-02-07T23:55:36+05:30,DELIVERED,1,,
ord_000223,2026-02-05T10:08:16+05:30,2026-02-10T08:40:04+05:30,DELIVERED,1,,
ord_000224,2026-02-05T02:59:10+05:30,2026-02-07T21:48:42+05:30,DELIVERED,1,,
ord_000225,2026-02-05T06:18:54+05:30,2026-02-07T21:05:32+05:30,DELIVERED,1,,
ord_000226,2026-02-05T09:53:38+05:30,2026-02-09T20:30:39+05:30,DELIVERED,1,,
ord_000227,2026-02-05T13:54:39+05:30,2026-02-07T13:54:52+05:30,DELIVERED,1,,
ord_000228,2026-02-05T23:28:43+05:30,,RTO,2,,
ord_000229,2026-02-06T20:42:58+05:30,,RTO,2,,
ord_000230,2026-02-06T17:14:54+05:30,,RTO,2,,
ord_000231,2026-02-06T05:04:26+05:30,2026-02-10T09:21:06+05:30,DELIVERED,1,,
ord_000232,2026-02-06T05:42:31+05:30,2026-02-09T02:34:46+05:30,DELIVERED,2,,
ord_000233,2026-02-07T10:29:15+05:30,2026-02-12T18:19:29+05:30,DELIVERED,1,,
ord_000234,2026-02-07T00:25:47+05:30,2026-02-10T15:15:22+05:30,DELIVERED,1,,
ord_000235,2026-02-07T22:03:34+05:30,2026-02-10T09:32:26+05:30,DELIVERED,1,,
ord_000236,2026-02-07T03:33:32+05:30,,RTO,2,,
ord_000237,2026-02-08T01:16:39+05:30,2026-02-10T13:36:28+05:30,DELIVERED,1,,
ord_000238,2026-02-08T04:54:28+05:30,2026-02-13T11:44:15+05:30,DELIVERED,1,,
ord_000239,2026-02-08T11:45:16+05:30,2026-02-11T10:31:38+05:30,DELIVERED,1,,
ord_000240,2026-02-09T01:41:05+05:30,2026-02-12T10:10:44+05:30,DELIVERED,2,,
ord_000241,2026-02-09T08:11:23+05:30,2026-02-11T12:57:45+05:30,DELIVERED,1,,
ord_000242,2026-02-08T19:04:40+05:30,2026-02-13T13:01:00+05:30,DELIVERED,1,,
ord_000243,2026-02-09T14:39:38+05:30,2026-02-13T14:48:40+05:30,DELIVERED,1,,
ord_000244,2026-02-09T18:46:43+05:30,2026-02-13T19:55:52+05:30,DELIVERED,1,,
ord_000245,2026-02-08T20:44:00+05:30,2026-02-13T15:34:09+05:30,DELIVERED,1,,
ord_000246,2026-02-09T15:54:02+05:30,,RTO,2,,
ord_000247,2026-02-10T10:09:39+05:30,,RTO,2,,
ord_000248,2026-02-10T03:23:48+05:30,,RTO,2,,
ord_000249,2026-02-09T21:45:34+05:30,2026-02-15T18:08:40+05:30,DELIVERED,2,,
ord_000250,2026-02-10T23:00:45+05:30,2026-02-13T14:11:05+05:30,DELIVERED,2,,
ord_000251,2026-02-11T07:27:12+05:30,,RTO,3,,
ord_000252,2026-02-11T07:27:53+05:30,2026-02-13T11:12:41+05:30,DELIVERED,1,,
ord_000253,2026-02-10T23:51:10+05:30,2026-02-13T10:42:28+05:30,DELIVERED,1,,
ord_000254,2026-02-11T03:34:57+05:30,2026-02-16T04:50:41+05:30,DELIVERED,1,,
ord_000255,2026-02-11T06:24:42+05:30,2026-02-14T23:27:27+05:30,DELIVERED,1,,
ord_000256,2026-02-11T08:40:43+05:30,2026-02-13T18:04:56+05:30,DELIVERED,1,,
ord_000257,2026-02-12T07:28:48+05:30,2026-02-14T21:33:33+05:30,DELIVERED,1,,
ord_000258,2026-02-11T17:10:55+05:30,2026-02-16T22:48:01+05:30,DELIVERED,1,,
ord_000259,2026-02-12T10:03:32+05:30,,RTO,3,,
ord_000260,2026-02-12T01:07:00+05:30,2026-02-14T22:17:50+05:30,DELIVERED,1,,
ord_000261,2026-02-12T15:31:53+05:30,2026-02-14T16:07:17+05:30,DELIVERED,1,,
ord_000262,2026-02-11T23:31:16+05:30,2026-02-15T02:24:18+05:30,DELIVERED,2,,
ord_000263,2026-02-12T02:43:44+05:30,2026-02-14T05:57:50+05:30,DELIVERED,1,,
ord_000264,2026-02-12T23:16:49+05:30,2026-02-17T08:25:32+05:30,DELIVERED,1,,
ord_000265,2026-02-12T09:47:01+05:30,2026-02-17T18:01:29+05:30,DELIVERED,2,,
ord_000266,2026-02-12T11:53:49+05:30,2026-02-15T03:27:26+05:30,DELIVERED,1,,
ord_000267,2026-02-12T19:31:23+05:30,,RTO,3,,
ord_000268,2026-02-13T01:41:59+05:30,2026-02-15T16:36:39+05:30,DELIVERED,2,,
ord_000269,2026-02-12T21:52:47+05:30,2026-02-16T19:05:24+05:30,DELIVERED,1,,
ord_000270,2026-02-12T15:58:13+05:30,2026-02-18T06:37:19+05:30,DELIVERED,1,,
ord_000271,2026-02-13T09:48:58+05:30,2026-02-19T07:03:36+05:30,DELIVERED,1,,
ord_000272,2026-02-12T20:46:10+05:30,2026-02-17T16:25:13+05:30,DELIVERED,1,,
ord_000273,2026-02-13T13:48:15+05:30,2026-02-17T17:32:34+05:30,DELIVERED,1,,
ord_000274,2026-02-13T23:39:41+05:30,2026-02-16T08:20:47+05:30,DELIVERED,1,,
ord_000275,2026-02-13T20:00:41+05:30,,RTO,3,,
ord_000276,2026-02-13T21:55:05+05:30,2026-02-19T21:18:02+05:30,DELIVERED,1,,
ord_000277,2026-02-14T02:43:42+05:30,2026-02-16T23:52:30+05:30,DELIVERED,1,,
ord_000278,2026-02-14T09:00:55+05:30,2026-02-19T12:10:27+05:30,DELIVERED,1,,
ord_000279,2026-02-14T20:12:30+05:30,,RTO,3,,
ord_000280,2026-02-13T22:15:48+05:30,2026-02-15T22:46:41+05:30,DELIVERED,1,,
ord_000281,2026-02-14T19:14:52+05:30,2026-02-19T00:01:55+05:30,DELIVERED,1,,
ord_000282,2026-02-15T01:11:57+05:30,2026-02-20T23:39:07+05:30,DELIVERED,1,,
ord_000283,2026-02-14T14:22:31+05:30,2026-02-17T23:25:03+05:30,DELIVERED,1,,
ord_000284,2026-02-15T06:48:21+05:30,2026-02-20T22:28:47+05:30,DELIVERED,1,,
ord_000285,2026-02-14T16:48:45+05:30,2026-02-20T00:55:15+05:30,DELIVERED,1,,
ord_000286,2026-02-14T14:36:24+05:30,2026-02-18T10:34:53+05:30,DELIVERED,2,,
ord_000287,2026-02-15T07:17:40+05:30,2026-02-18T23:12:51+05:30,DELIVERED,1,,
ord_000288,2026-02-14T20:17:44+05:30,2026-02-19T23:37:04+05:30,DELIVERED,1,,
ord_000289,2026-02-15T11:50:06+05:30,2026-02-20T05:39:17+05:30,DELIVERED,1,,
ord_000290,2026-02-15T17:49:02+05:30,2026-02-17T20:27:09+05:30,DELIVERED,1,,
ord_000291,2026-02-16T05:27:54+05:30,2026-02-20T19:56:08+05:30,DELIVERED,1,,
ord_000292,2026-02-15T18:29:39+05:30,2026-02-19T13:02:09+05:30,DELIVERED,1,,
ord_000293,2026-02-15T10:06:29+05:30,2026-02-17T14:40:23+05:30,DELIVERED,1,,
ord_000294,2026-02-16T05:41:06+05:30,2026-02-20T12:40:41+05:30,DELIVERED,1,,
ord_000295,2026-02-16T13:10:39+05:30,,RTO,3,,
ord_000296,2026-02-16T06:53:50+05:30,2026-02-19T12:09:10+05:30,DELIVERED,1,,
ord_000297,2026-02-17T05:12:05+05:30,2026-02-21T03:16:18+05:30,DELIVERED,1,,
ord_000298,2026-02-17T06:07:56+05:30,2026-02-22T07:42:03+05:30,DELIVERED,1,,
ord_000299,2026-02-18T04:52:26+05:30,2026-02-21T05:34:15+05:30,DELIVERED,1,,
ord_000300,2026-02-17T10:47:02+05:30,2026-02-19T20:16:58+05:30,DELIVERED,1,,
ord_000301,2026-02-18T01:56:00+05:30,2026-02-23T07:35:52+05:30,DELIVERED,1,,
ord_000302,2026-02-17T15:46:42+05:30,2026-02-20T20:02:43+05:30,DELIVERED,1,,
ord_000303,2026-02-18T06:57:04+05:30,2026-02-20T19:30:21+05:30,DELIVERED,1,,
ord_000304,2026-02-17T20:47:36+05:30,2026-02-22T15:48:51+05:30,DELIVERED,1,,
ord_000305,2026-02-18T07:36:47+05:30,2026-02-22T13:16:26+05:30,DELIVERED,1,,
ord_000306,2026-02-17T23:12:05+05:30,2026-02-23T09:59:34+05:30,DELIVERED,1,,
ord_000307,2026-02-18T05:53:27+05:30,2026-02-21T04:13:37+05:30,DELIVERED,1,,
ord_000308,2026-02-18T23:22:21+05:30,2026-02-23T14:09:12+05:30,DELIVERED,1,,
ord_000309,2026-02-19T13:33:44+05:30,2026-02-25T11:11:47+05:30,DELIVERED,1,,
ord_000310,2026-02-19T05:25:10+05:30,,RTO,2,,
ord_000311,2026-02-18T13:01:38+05:30,2026-02-23T00:04:02+05:30,DELIVERED,1,,
ord_000312,2026-02-18T20:46:39+05:30,2026-02-22T19:05:04+05:30,DELIVERED,1,,
ord_000313,2026-02-18T18:43:07+05:30,2026-02-23T04:36:05+05:30,DELIVERED,1,,
ord_000314,2026-02-18T20:03:39+05:30,2026-02-24T09:01:03+05:30,DELIVERED,1,,
ord_000315,2026-02-20T02:20:47+05:30,,NDR,3,,
ord_000316,2026-02-20T06:45:42+05:30,2026-02-24T10:36:54+05:30,DELIVERED,2,,
ord_000317,2026-02-19T18:05:13+05:30,2026-02-24T04:06:02+05:30,DELIVERED,2,,
ord_000318,2026-02-20T01:15:54+05:30,2026-02-25T16:44:50+05:30,DELIVERED,1,,
ord_000319,2026-02-19T17:01:10+05:30,2026-02-24T18:45:08+05:30,DELIVERED,1,,
ord_000320,2026-02-20T01:27:23+05:30,2026-02-24T01:52:17+05:30,DELIVERED,1,,
ord_000321,2026-02-19T21:59:57+05:30,2026-02-22T04:17:57+05:30,DELIVERED,1,,
ord_000322,2026-02-20T19:04:25+05:30,2026-02-23T10:32:39+05:30,DELIVERED,1,,
ord_000323,2026-02-20T07:44:04+05:30,2026-02-25T21:48:02+05:30,DELIVERED,1,,
ord_000324,2026-02-20T13:29:22+05:30,2026-02-24T12:15:12+05:30,DELIVERED,1,,
ord_000325,2026-02-21T10:09:05+05:30,2026-02-25T12:10:30+05:30,DELIVERED,2,,
ord_000326,2026-02-21T09:14:44+05:30,2026-02-26T13:14:38+05:30,DELIVERED,1,,
ord_000327,2026-02-21T21:05:13+05:30,2026-02-26T19:08:58+05:30,DELIVERED,1,,
ord_000328,2026-02-21T15:23:32+05:30,,RTO,3,,
ord_000329,2026-02-20T23:27:40+05:30,2026-02-26T15:19:29+05:30,DELIVERED,1,,
ord_000330,2026-02-21T01:57:41+05:30,2026-02-24T15:56:04+05:30,DELIVERED,1,,
ord_000331,2026-02-21T02:55:01+05:30,2026-02-25T19:30:41+05:30,DELIVERED,2,,
ord_000332,2026-02-22T02:13:25+05:30,2026-02-24T09:11:06+05:30,DELIVERED,1,,
ord_000333,2026-02-22T12:12:26+05:30,2026-02-27T20:02:06+05:30,DELIVERED,1,,
ord_000334,2026-02-23T00:24:32+05:30,2026-02-28T00:23:23+05:30,DELIVERED,1,,
ord_000335,2026-02-22T15:41:21+05:30,2026-02-27T14:58:31+05:30,DELIVERED,1,,
ord_000336,2026-02-22T11:06:21+05:30,2026-02-26T13:32:52+05:30,DELIVERED,2,,
ord_000337,2026-02-23T00:38:26+05:30,2026-02-28T17:50:53+05:30,DELIVERED,1,,
ord_000338,2026-02-23T07:36:03+05:30,2026-02-25T07:39:16+05:30,DELIVERED,1,,
ord_000339,2026-02-23T02:56:53+05:30,2026-02-28T08:09:58+05:30,DELIVERED,1,,
ord_000340,2026-02-23T14:40:16+05:30,2026-02-27T12:23:46+05:30,DELIVERED,1,,
ord_000341,2026-02-23T15:51:50+05:30,2026-02-26T05:58:52+05:30,DELIVERED,1,,
ord_000342,2026-02-23T14:17:29+05:30,2026-03-01T01:08:57+05:30,DELIVERED,1,,
ord_000343,2026-02-24T07:10:15+05:30,2026-02-28T10:46:49+05:30,DELIVERED,1,,
ord_000344,2026-02-24T08:09:10+05:30,2026-02-28T14:47:31+05:30,DELIVERED,1,,
ord_000345,2026-02-24T16:15:50+05:30,2026-03-01T09:40:37+05:30,DELIVERED,1,,
ord_000346,2026-02-24T10:04:54+05:30,2026-03-01T15:23:40+05:30,DELIVERED,1,,
ord_000347,2026-02-25T21:09:02+05:30,2026-03-03T09:25:55+05:30,DELIVERED,1,,
ord_000348,2026-02-25T04:08:28+05:30,2026-02-27T17:20:14+05:30,DELIVERED,1,,
ord_000349,2026-02-25T10:30:31+05:30,,RTO,3,,
ord_000350,2026-02-26T05:53:57+05:30,,NDR,3,,
ord_000351,2026-02-25T18:02:11+05:30,,RTO,2,,
ord_000352,2026-02-25T19:38:31+05:30,2026-03-02T09:46:12+05:30,DELIVERED,1,,
ord_000353,2026-02-26T06:15:45+05:30,2026-03-04T00:17:46+05:30,DELIVERED,1,,
ord_000354,2026-02-25T17:42:16+05:30,2026-03-03T07:55:45+05:30,DELIVERED,1,,
ord_000355,2026-02-26T08:09:54+05:30,2026-02-28T14:15:56+05:30,DELIVERED,1,,
ord_000356,2026-02-26T03:50:13+05:30,2026-02-28T09:31:35+05:30,DELIVERED,1,,
ord_000357,2026-02-26T01:43:23+05:30,2026-03-02T07:37:09+05:30,DELIVERED,1,,
ord_000358,2026-02-27T01:24:56+05:30,2026-03-02T03:40:42+05:30,DELIVERED,1,,
ord_000359,2026-02-27T06:45:45+05:30,2026-03-04T10:56:40+05:30,DELIVERED,1,,
ord_000360,2026-02-26T18:44:35+05:30,2026-03-02T22:46:55+05:30,DELIVERED,1,,
ord_000361,2026-02-27T11:37:15+05:30,2026-03-04T14:35:53+05:30,DELIVERED,2,,
ord_000362,2026-02-27T14:58:00+05:30,2026-03-05T01:44:24+05:30,DELIVERED,1,,
ord_000363,2026-02-27T13:57:35+05:30,2026-03-03T18:47:51+05:30,DELIVERED,1,,
ord_000364,2026-02-27T04:40:28+05:30,2026-03-03T09:12:03+05:30,DELIVERED,1,,
ord_000365,2026-02-27T09:19:21+05:30,2026-03-03T15:48:50+05:30,DELIVERED,1,,
ord_000366,2026-02-27T22:20:54+05:30,2026-03-03T00:28:51+05:30,DELIVERED,1,,
ord_000367,2026-02-27T19:39:04+05:30,2026-03-03T13:20:18+05:30,DELIVERED,1,,
ord_000368,2026-02-27T21:48:17+05:30,2026-03-03T17:49:13+05:30,DELIVERED,2,,
ord_000369,2026-02-28T03:43:40+05:30,,DELIVERED,1,,
ord_000370,2026-02-28T01:29:45+05:30,,RTO,2,,
ord_000371,2026-02-28T06:29:33+05:30,2026-03-02T18:42:37+05:30,DELIVERED,1,,
ord_000372,2026-03-01T03:04:58+05:30,2026-03-05T20:52:37+05:30,DELIVERED,1,,
ord_000373,2026-02-28T10:58:09+05:30,2026-03-05T19:43:03+05:30,DELIVERED,1,,
ord_000374,2026-02-28T14:22:47+05:30,2026-03-05T09:37:11+05:30,DELIVERED,1,,
ord_000375,2026-02-28T14:18:18+05:30,2026-03-05T19:13:50+05:30,DELIVERED,1,,
ord_000376,2026-03-01T01:50:26+05:30,2026-03-05T11:55:12+05:30,DELIVERED,2,,
ord_000377,2026-03-01T02:28:27+05:30,,RTO,3,,
ord_000378,2026-03-01T12:08:09+05:30,2026-03-06T14:38:43+05:30,DELIVERED,1,,
ord_000379,2026-03-01T08:22:42+05:30,2026-03-03T10:02:44+05:30,DELIVERED,1,,
ord_000380,2026-03-01T15:03:26+05:30,2026-03-03T22:32:07+05:30,DELIVERED,1,,
ord_000381,2026-02-28T21:33:25+05:30,2026-03-06T16:59:40+05:30,DELIVERED,1,,
ord_000382,2026-03-01T07:20:39+05:30,2026-03-06T07:27:24+05:30,DELIVERED,1,,
ord_000383,2026-03-01T13:19:31+05:30,2026-03-06T11:33:32+05:30,DELIVERED,1,,
ord_000384,2026-03-01T19:12:46+05:30,2026-03-07T14:36:50+05:30,DELIVERED,1,,
ord_000385,2026-03-01T05:56:25+05:30,,RTO,2,,
ord_000386,2026-03-01T15:33:42+05:30,2026-03-04T15:34:30+05:30,DELIVERED,1,,
ord_000387,2026-03-02T05:00:24+05:30,,DELIVERED,1,,
ord_000388,2026-03-02T07:27:32+05:30,2026-03-06T17:04:47+05:30,DELIVERED,1,,
ord_000389,2026-03-02T02:03:52+05:30,2026-03-08T01:44:41+05:30,DELIVERED,1,,
ord_000390,2026-03-02T13:59:55+05:30,2026-03-07T18:25:55+05:30,DELIVERED,1,,
ord_000391,2026-03-02T16:16:54+05:30,2026-03-04T21:38:05+05:30,DELIVERED,1,,
ord_000392,2026-03-03T06:57:31+05:30,2026-03-05T15:31:25+05:30,DELIVERED,1,,
ord_000393,2026-03-03T04:02:24+05:30,,RTO,2,,
ord_000394,2026-03-02T12:25:41+05:30,,DELIVERED,1,,
ord_000395,2026-03-02T18:07:35+05:30,2026-03-06T13:18:09+05:30,DELIVERED,1,,
ord_scn_04_h1,2026-03-02T16:00:00+05:30,2026-03-06T16:00:00+05:30,DELIVERED,1,,
ord_000396,2026-03-03T06:53:51+05:30,2026-03-07T13:15:12+05:30,DELIVERED,1,,
ord_000397,2026-03-03T10:14:01+05:30,2026-03-08T07:35:39+05:30,DELIVERED,1,,
ord_000398,2026-03-03T15:43:28+05:30,2026-03-07T09:16:35+05:30,DELIVERED,1,,
ord_000399,2026-03-03T04:50:23+05:30,2026-03-07T05:59:41+05:30,DELIVERED,1,,
ord_000400,2026-03-04T02:53:18+05:30,2026-03-08T22:51:48+05:30,DELIVERED,1,,
ord_000401,2026-03-03T08:45:17+05:30,2026-03-07T16:19:38+05:30,DELIVERED,1,,
ord_000402,2026-03-04T10:03:12+05:30,2026-03-09T17:13:48+05:30,DELIVERED,2,,
ord_000403,2026-03-03T13:07:09+05:30,,RTO,2,,
ord_000404,2026-03-04T16:23:41+05:30,2026-03-09T16:52:33+05:30,DELIVERED,1,,
ord_000405,2026-03-04T14:16:58+05:30,2026-03-07T19:06:22+05:30,DELIVERED,1,,
ord_000406,2026-03-04T05:07:25+05:30,2026-03-09T04:06:26+05:30,DELIVERED,1,,
ord_000407,2026-03-04T06:02:51+05:30,,RTO,3,,
ord_000408,2026-03-03T23:17:08+05:30,2026-03-06T09:24:52+05:30,DELIVERED,2,,
ord_000409,2026-03-04T13:21:21+05:30,2026-03-06T20:18:14+05:30,DELIVERED,1,,
ord_000410,2026-03-05T04:21:11+05:30,2026-03-10T08:38:25+05:30,DELIVERED,1,,
ord_000411,2026-03-05T01:43:39+05:30,2026-03-08T15:19:45+05:30,DELIVERED,1,,
ord_000412,2026-03-05T04:52:48+05:30,,NDR,3,,
ord_000413,2026-03-05T05:29:45+05:30,2026-03-10T11:21:58+05:30,DELIVERED,1,,
ord_000414,2026-03-05T18:00:38+05:30,2026-03-08T20:52:13+05:30,DELIVERED,2,,
ord_000415,2026-03-06T23:25:59+05:30,2026-03-12T13:24:57+05:30,DELIVERED,1,,
ord_000416,2026-03-06T22:37:58+05:30,2026-03-11T08:06:43+05:30,DELIVERED,1,,
ord_000417,2026-03-06T20:58:33+05:30,2026-03-12T16:21:04+05:30,DELIVERED,1,,
ord_000418,2026-03-06T11:57:38+05:30,2026-03-11T15:45:09+05:30,DELIVERED,1,,
ord_000419,2026-03-06T19:31:15+05:30,,DELIVERED,1,,
ord_000420,2026-03-06T16:51:22+05:30,2026-03-11T16:11:34+05:30,DELIVERED,2,,
ord_000421,2026-03-07T05:56:21+05:30,2026-03-09T20:30:12+05:30,DELIVERED,2,,
ord_000422,2026-03-07T03:05:29+05:30,2026-03-13T01:55:42+05:30,DELIVERED,1,,
ord_000423,2026-03-08T03:31:00+05:30,2026-03-10T17:32:29+05:30,DELIVERED,2,,
ord_000424,2026-03-08T00:42:34+05:30,2026-03-11T15:55:22+05:30,DELIVERED,2,,
ord_000425,2026-03-08T21:06:31+05:30,2026-03-12T05:08:26+05:30,DELIVERED,1,,
ord_000426,2026-03-08T13:03:52+05:30,2026-03-10T13:22:13+05:30,DELIVERED,1,,
ord_000427,2026-03-08T18:52:55+05:30,2026-03-12T07:03:28+05:30,DELIVERED,1,,
ord_000428,2026-03-09T00:39:10+05:30,2026-03-13T12:19:20+05:30,DELIVERED,2,,
ord_000429,2026-03-08T20:36:49+05:30,2026-03-13T14:11:35+05:30,DELIVERED,1,,
ord_000430,2026-03-09T01:37:36+05:30,2026-03-14T21:54:30+05:30,DELIVERED,1,,
ord_000431,2026-03-09T01:51:21+05:30,2026-03-13T18:55:12+05:30,DELIVERED,1,,
ord_000432,2026-03-09T09:01:03+05:30,,RTO,3,,
ord_000433,2026-03-09T18:03:50+05:30,2026-03-13T08:10:03+05:30,DELIVERED,1,,
ord_000434,2026-03-10T06:50:14+05:30,2026-03-14T04:19:24+05:30,DELIVERED,1,,
ord_000435,2026-03-10T20:59:57+05:30,2026-03-14T15:55:42+05:30,DELIVERED,1,,
ord_000436,2026-03-11T00:20:15+05:30,2026-03-13T07:21:31+05:30,DELIVERED,1,,
ord_000437,2026-03-10T21:41:52+05:30,,RTO,2,,
ord_000438,2026-03-11T04:27:38+05:30,2026-03-14T08:45:19+05:30,DELIVERED,2,,
ord_000439,2026-03-11T02:44:47+05:30,2026-03-13T08:15:44+05:30,DELIVERED,1,,
ord_000440,2026-03-11T08:19:27+05:30,2026-03-14T16:48:19+05:30,DELIVERED,1,,
ord_000441,2026-03-11T18:13:54+05:30,2026-03-14T08:45:35+05:30,DELIVERED,2,,
ord_000442,2026-03-11T12:14:12+05:30,2026-03-14T02:02:19+05:30,DELIVERED,2,,
ord_000443,2026-03-11T19:59:21+05:30,2026-03-14T06:18:05+05:30,DELIVERED,2,,
ord_000444,2026-03-11T19:38:46+05:30,2026-03-17T15:41:21+05:30,DELIVERED,1,,
ord_000445,2026-03-12T21:56:04+05:30,,RTO,2,,
ord_000446,2026-03-12T05:03:19+05:30,2026-03-15T06:27:13+05:30,DELIVERED,1,,
ord_000447,2026-03-12T10:29:55+05:30,2026-03-15T14:22:48+05:30,DELIVERED,1,,
ord_000448,2026-03-11T22:49:54+05:30,2026-03-15T23:42:10+05:30,DELIVERED,2,,
ord_000449,2026-03-12T17:50:41+05:30,2026-03-17T08:59:31+05:30,DELIVERED,1,,
ord_000450,2026-03-12T16:22:40+05:30,2026-03-16T00:49:31+05:30,DELIVERED,2,,
ord_000451,2026-03-13T00:09:21+05:30,2026-03-17T14:18:55+05:30,DELIVERED,1,,
ord_scn_04_h2,2026-03-12T16:00:00+05:30,2026-03-16T16:00:00+05:30,DELIVERED,1,,
ord_000452,2026-03-13T15:12:20+05:30,2026-03-16T10:02:35+05:30,DELIVERED,1,,
ord_000453,2026-03-13T15:41:31+05:30,2026-03-17T10:34:01+05:30,DELIVERED,1,,
ord_000454,2026-03-13T19:19:38+05:30,2026-03-18T04:26:19+05:30,DELIVERED,1,,
ord_000455,2026-03-13T08:06:05+05:30,2026-03-16T08:08:59+05:30,DELIVERED,2,,
ord_000456,2026-03-13T08:00:33+05:30,,RTO,2,,
ord_000457,2026-03-13T15:17:21+05:30,2026-03-18T18:27:04+05:30,DELIVERED,1,,
ord_000458,2026-03-14T04:26:34+05:30,2026-03-19T09:50:25+05:30,DELIVERED,1,,
ord_000459,2026-03-14T05:33:21+05:30,2026-03-19T12:59:03+05:30,DELIVERED,1,,
ord_000460,2026-03-14T12:58:50+05:30,2026-03-16T14:33:55+05:30,DELIVERED,1,,
ord_000461,2026-03-14T14:11:27+05:30,2026-03-19T07:17:32+05:30,DELIVERED,1,,
ord_000462,2026-03-14T22:06:59+05:30,2026-03-17T07:38:07+05:30,DELIVERED,1,,
ord_000463,2026-03-14T11:24:13+05:30,2026-03-20T03:50:22+05:30,DELIVERED,1,,
ord_000464,2026-03-14T05:59:15+05:30,,RTO,3,,
ord_000465,2026-03-15T07:19:46+05:30,2026-03-18T15:57:53+05:30,DELIVERED,1,,
ord_000466,2026-03-14T09:27:42+05:30,2026-03-18T10:33:40+05:30,DELIVERED,1,,
ord_000467,2026-03-15T16:30:08+05:30,2026-03-18T21:32:12+05:30,DELIVERED,1,,
ord_000468,2026-03-15T01:40:58+05:30,2026-03-17T04:31:20+05:30,DELIVERED,1,,
ord_000469,2026-03-15T13:49:49+05:30,2026-03-21T06:12:58+05:30,DELIVERED,1,,
ord_000470,2026-03-16T04:17:14+05:30,2026-03-19T04:07:14+05:30,DELIVERED,1,,
ord_000471,2026-03-16T23:56:05+05:30,2026-03-21T17:52:24+05:30,DELIVERED,1,,
ord_000472,2026-03-16T23:28:28+05:30,2026-03-21T17:00:44+05:30,DELIVERED,1,,
ord_000473,2026-03-16T17:30:36+05:30,2026-03-20T15:28:09+05:30,DELIVERED,1,,
ord_000474,2026-03-16T07:18:25+05:30,2026-03-22T07:05:24+05:30,DELIVERED,1,,
ord_000475,2026-03-16T19:12:29+05:30,2026-03-19T07:55:07+05:30,DELIVERED,1,,
ord_000476,2026-03-17T06:46:20+05:30,2026-03-20T14:51:32+05:30,DELIVERED,1,,
ord_000477,2026-03-16T08:15:20+05:30,2026-03-21T04:26:24+05:30,DELIVERED,1,,
ord_000478,2026-03-17T03:03:43+05:30,2026-03-22T09:43:50+05:30,DELIVERED,1,,
ord_000479,2026-03-16T22:27:31+05:30,,RTO,3,,
ord_000480,2026-03-16T16:21:31+05:30,2026-03-20T00:50:47+05:30,DELIVERED,1,,
ord_000481,2026-03-17T18:18:42+05:30,2026-03-23T14:08:34+05:30,DELIVERED,1,,
ord_000482,2026-03-17T18:18:29+05:30,2026-03-23T03:49:55+05:30,DELIVERED,1,,
ord_000483,2026-03-18T06:14:51+05:30,2026-03-20T10:30:36+05:30,DELIVERED,1,,
ord_000484,2026-03-18T14:20:20+05:30,,NDR,3,,
ord_000485,2026-03-18T02:02:33+05:30,2026-03-20T16:33:30+05:30,DELIVERED,1,,
ord_000486,2026-03-19T00:02:05+05:30,2026-03-23T16:03:53+05:30,DELIVERED,2,,
ord_000487,2026-03-18T15:00:13+05:30,2026-03-21T05:18:34+05:30,DELIVERED,1,,
ord_000488,2026-03-18T11:30:55+05:30,,RTO,3,,
ord_000489,2026-03-18T10:05:40+05:30,2026-03-20T16:33:51+05:30,DELIVERED,1,,
ord_000490,2026-03-18T07:58:22+05:30,2026-03-22T09:07:34+05:30,DELIVERED,2,,
ord_000491,2026-03-18T18:08:34+05:30,,RTO,3,,
ord_000492,2026-03-20T08:12:56+05:30,2026-03-25T23:06:35+05:30,DELIVERED,1,,
ord_000493,2026-03-20T08:14:19+05:30,,RTO,3,,
ord_000494,2026-03-20T14:42:01+05:30,2026-03-26T00:40:31+05:30,DELIVERED,1,,
ord_000495,2026-03-20T04:16:32+05:30,2026-03-25T01:51:11+05:30,DELIVERED,1,,
ord_000496,2026-03-20T18:22:31+05:30,2026-03-23T15:58:23+05:30,DELIVERED,1,,
ord_000497,2026-03-20T07:31:51+05:30,2026-03-25T14:39:07+05:30,DELIVERED,1,,
ord_000498,2026-03-21T10:20:58+05:30,2026-03-25T09:47:53+05:30,DELIVERED,1,,
ord_000499,2026-03-21T16:16:49+05:30,2026-03-24T23:18:57+05:30,DELIVERED,3,,
ord_000500,2026-03-21T10:12:09+05:30,2026-03-23T17:34:33+05:30,DELIVERED,1,,
ord_000501,2026-03-21T04:59:01+05:30,2026-03-24T22:48:03+05:30,DELIVERED,1,,
ord_000502,2026-03-22T09:31:26+05:30,2026-03-25T18:41:20+05:30,DELIVERED,1,,
ord_000503,2026-03-22T02:53:53+05:30,2026-03-24T19:42:38+05:30,DELIVERED,1,,
ord_000504,2026-03-22T06:41:40+05:30,2026-03-28T01:24:38+05:30,DELIVERED,2,,
ord_000505,2026-03-22T23:28:40+05:30,2026-03-27T14:19:25+05:30,DELIVERED,1,,
ord_000506,2026-03-23T08:45:58+05:30,,RTO,2,,
ord_000507,2026-03-23T05:45:15+05:30,2026-03-28T15:35:52+05:30,DELIVERED,1,,
ord_000508,2026-03-23T10:19:06+05:30,2026-03-26T03:34:23+05:30,DELIVERED,1,,
ord_scn_03_h1,2026-03-22T16:00:00+05:30,2026-03-26T16:00:00+05:30,DELIVERED,1,,
ord_scn_04_h3,2026-03-22T16:00:00+05:30,2026-03-26T16:00:00+05:30,DELIVERED,1,,
ord_000509,2026-03-23T18:01:12+05:30,2026-03-27T05:12:14+05:30,DELIVERED,1,,
ord_000510,2026-03-23T17:52:12+05:30,2026-03-25T18:05:01+05:30,DELIVERED,1,,
ord_000511,2026-03-23T07:35:30+05:30,2026-03-29T01:23:07+05:30,DELIVERED,1,,
ord_000512,2026-03-23T11:52:16+05:30,2026-03-27T17:00:12+05:30,DELIVERED,2,,
ord_000513,2026-03-23T21:57:25+05:30,2026-03-27T02:35:01+05:30,DELIVERED,2,,
ord_000514,2026-03-23T22:42:30+05:30,,RTO,2,,
ord_000515,2026-03-24T12:02:32+05:30,2026-03-30T01:03:07+05:30,DELIVERED,1,,
ord_000516,2026-03-23T20:21:22+05:30,2026-03-25T22:48:52+05:30,DELIVERED,1,,
ord_000517,2026-03-24T18:19:17+05:30,2026-03-30T07:48:25+05:30,DELIVERED,1,,
ord_000518,2026-03-25T01:02:01+05:30,2026-03-30T18:16:12+05:30,DELIVERED,1,,
ord_000519,2026-03-24T13:56:53+05:30,,RTO,3,,
ord_000520,2026-03-24T14:03:04+05:30,2026-03-29T16:23:48+05:30,DELIVERED,2,,
ord_000521,2026-03-24T13:19:49+05:30,2026-03-27T07:16:18+05:30,DELIVERED,1,,
ord_000522,2026-03-25T00:15:22+05:30,2026-03-28T00:27:11+05:30,DELIVERED,2,,
ord_000523,2026-03-25T01:39:40+05:30,,RTO,3,,
ord_000524,2026-03-25T07:14:19+05:30,2026-03-28T04:28:23+05:30,DELIVERED,1,,
ord_000525,2026-03-25T01:54:02+05:30,2026-03-28T19:34:13+05:30,DELIVERED,1,,
ord_000526,2026-03-25T20:38:39+05:30,,RTO,2,,
ord_000527,2026-03-26T08:04:53+05:30,2026-04-01T07:49:54+05:30,DELIVERED,1,,
ord_000528,2026-03-26T00:16:23+05:30,,RTO,2,,
ord_000529,2026-03-25T23:47:08+05:30,2026-03-28T15:14:41+05:30,DELIVERED,3,,
ord_000530,2026-03-26T10:37:58+05:30,,LOST,1,,
ord_000531,2026-03-26T09:16:00+05:30,2026-03-30T02:01:52+05:30,DELIVERED,1,,
ord_000532,2026-03-26T04:33:58+05:30,2026-03-29T16:55:27+05:30,DELIVERED,1,,
ord_000533,2026-03-26T21:04:38+05:30,2026-03-30T06:38:41+05:30,DELIVERED,2,,
ord_000534,2026-03-26T15:57:04+05:30,2026-03-29T21:26:26+05:30,DELIVERED,1,,
ord_000535,2026-03-26T23:56:36+05:30,2026-03-29T16:58:16+05:30,DELIVERED,1,,
ord_000536,2026-03-26T13:51:58+05:30,2026-03-31T00:37:18+05:30,DELIVERED,1,,
ord_000537,2026-03-27T04:28:02+05:30,2026-04-01T08:04:28+05:30,DELIVERED,1,,
ord_000538,2026-03-26T22:27:11+05:30,2026-03-29T10:45:16+05:30,DELIVERED,2,,
ord_000539,2026-03-27T00:42:09+05:30,,RTO,3,,
ord_000540,2026-03-26T15:55:10+05:30,2026-03-31T15:49:36+05:30,DELIVERED,1,,
ord_000541,2026-03-26T19:38:53+05:30,2026-03-29T19:18:42+05:30,DELIVERED,1,,
ord_000542,2026-03-27T04:46:35+05:30,2026-03-30T01:14:57+05:30,DELIVERED,1,,
ord_000543,2026-03-27T08:11:02+05:30,2026-04-02T07:49:52+05:30,DELIVERED,1,,
ord_000544,2026-03-27T03:27:33+05:30,2026-03-29T07:49:56+05:30,DELIVERED,1,,
ord_000545,2026-03-27T19:30:03+05:30,,RTO,2,,
ord_000546,2026-03-27T10:59:18+05:30,2026-03-30T18:38:28+05:30,DELIVERED,1,,
ord_000547,2026-03-27T14:43:40+05:30,2026-04-01T05:35:12+05:30,DELIVERED,1,,
ord_000548,2026-03-28T12:16:14+05:30,2026-04-02T11:53:03+05:30,DELIVERED,2,,
ord_000549,2026-03-28T08:36:36+05:30,2026-04-02T13:57:06+05:30,DELIVERED,1,,
ord_000550,2026-03-28T18:06:49+05:30,2026-03-30T18:14:30+05:30,DELIVERED,1,,
ord_000551,2026-03-29T01:52:09+05:30,2026-04-03T00:05:50+05:30,DELIVERED,1,,
ord_000552,2026-03-29T05:30:23+05:30,2026-04-03T07:56:31+05:30,DELIVERED,1,,
ord_000553,2026-03-29T04:20:15+05:30,2026-03-31T05:49:05+05:30,DELIVERED,1,,
ord_000554,2026-03-29T05:45:10+05:30,2026-04-02T18:29:14+05:30,DELIVERED,2,,
ord_000555,2026-03-29T21:52:26+05:30,2026-04-04T05:46:48+05:30,DELIVERED,1,,
ord_000556,2026-03-29T07:12:46+05:30,2026-04-02T17:53:40+05:30,DELIVERED,1,,
ord_000557,2026-03-29T11:47:08+05:30,2026-04-01T04:21:21+05:30,DELIVERED,1,,
ord_000558,2026-03-29T11:26:52+05:30,,RTO,2,,
ord_000559,2026-03-29T13:33:15+05:30,2026-04-01T15:02:03+05:30,DELIVERED,2,,
ord_000560,2026-03-30T05:51:27+05:30,,RTO,3,,
ord_000561,2026-03-30T19:22:43+05:30,2026-04-02T05:57:17+05:30,DELIVERED,1,,
ord_000562,2026-03-30T21:01:21+05:30,,RTO,3,,
ord_000563,2026-03-30T21:34:24+05:30,2026-04-03T00:24:08+05:30,DELIVERED,2,,
ord_000564,2026-03-31T09:31:49+05:30,2026-04-06T04:44:57+05:30,DELIVERED,1,,
ord_000565,2026-03-31T00:57:45+05:30,2026-04-04T11:04:39+05:30,DELIVERED,1,,
ord_000566,2026-03-31T04:36:35+05:30,2026-04-02T17:32:34+05:30,DELIVERED,1,,
ord_000567,2026-03-31T14:00:57+05:30,,RTO,2,,
ord_000568,2026-03-31T16:40:48+05:30,2026-04-02T20:09:45+05:30,DELIVERED,1,,
ord_000569,2026-03-31T21:16:09+05:30,2026-04-06T04:15:35+05:30,DELIVERED,1,,
ord_000570,2026-04-01T02:44:03+05:30,2026-04-06T17:29:43+05:30,DELIVERED,1,,
ord_000571,2026-03-31T10:46:32+05:30,2026-04-04T10:45:20+05:30,DELIVERED,1,,
ord_000572,2026-03-31T20:27:44+05:30,2026-04-05T08:13:39+05:30,DELIVERED,1,,
ord_000573,2026-03-31T22:03:50+05:30,2026-04-04T14:45:43+05:30,DELIVERED,2,,
ord_000574,2026-04-01T11:21:32+05:30,2026-04-05T16:35:10+05:30,DELIVERED,1,,
ord_000575,2026-04-01T17:25:20+05:30,2026-04-05T15:37:17+05:30,DELIVERED,1,,
ord_000576,2026-04-02T03:43:59+05:30,2026-04-05T17:09:01+05:30,DELIVERED,1,,
ord_000577,2026-04-01T09:57:11+05:30,2026-04-03T16:53:59+05:30,DELIVERED,2,,
ord_000578,2026-04-01T14:08:43+05:30,2026-04-04T02:33:35+05:30,DELIVERED,1,,
ord_000579,2026-04-01T22:18:40+05:30,,RTO,2,,
ord_000580,2026-04-01T14:17:14+05:30,2026-04-06T14:24:09+05:30,DELIVERED,2,,
ord_scn_02_h1,2026-04-01T16:00:00+05:30,,RTO,3,,
ord_scn_04_h4,2026-04-01T16:00:00+05:30,2026-04-05T16:00:00+05:30,DELIVERED,1,,
ord_000581,2026-04-01T17:20:32+05:30,2026-04-06T06:50:37+05:30,DELIVERED,1,,
ord_000582,2026-04-02T02:38:19+05:30,2026-04-04T11:55:48+05:30,DELIVERED,1,,
ord_000583,2026-04-02T06:49:44+05:30,2026-04-04T22:29:51+05:30,DELIVERED,1,,
ord_000584,2026-04-02T03:29:21+05:30,,LOST,1,,
ord_000585,2026-04-03T05:09:21+05:30,,RTO,3,,
ord_000586,2026-04-02T06:01:14+05:30,2026-04-07T11:48:19+05:30,DELIVERED,1,,
ord_000587,2026-04-02T13:28:53+05:30,,RTO,2,,
ord_000588,2026-04-03T04:21:07+05:30,2026-04-08T06:09:25+05:30,DELIVERED,1,,
ord_000589,2026-04-03T17:24:21+05:30,2026-04-06T02:04:42+05:30,DELIVERED,1,,
ord_000590,2026-04-03T00:22:57+05:30,2026-04-07T23:42:55+05:30,DELIVERED,2,,
ord_000591,2026-04-03T22:42:42+05:30,2026-04-09T02:58:42+05:30,DELIVERED,1,,
ord_000592,2026-04-03T06:50:25+05:30,2026-04-06T12:46:03+05:30,DELIVERED,1,,
ord_000593,2026-04-03T23:59:53+05:30,2026-04-07T14:40:26+05:30,DELIVERED,1,,
ord_000594,2026-04-03T20:27:28+05:30,2026-04-08T02:30:15+05:30,DELIVERED,1,,
ord_000595,2026-04-03T12:10:20+05:30,2026-04-08T12:11:13+05:30,DELIVERED,1,,
ord_000596,2026-04-03T15:50:04+05:30,2026-04-07T08:05:20+05:30,DELIVERED,1,,
ord_000597,2026-04-04T06:38:02+05:30,2026-04-06T22:52:19+05:30,DELIVERED,2,,
ord_000598,2026-04-04T09:49:44+05:30,,RTO,2,,
ord_000599,2026-04-03T16:23:31+05:30,2026-04-07T05:35:43+05:30,DELIVERED,1,,
ord_000600,2026-04-03T13:29:45+05:30,2026-04-08T13:30:50+05:30,DELIVERED,1,,
ord_000601,2026-04-04T01:11:47+05:30,2026-04-06T02:47:39+05:30,DELIVERED,1,,
ord_000602,2026-04-04T03:45:47+05:30,,DELIVERED,1,,
ord_000603,2026-04-05T02:59:50+05:30,2026-04-07T10:58:23+05:30,DELIVERED,1,,
ord_000604,2026-04-04T07:10:09+05:30,,DELIVERED,1,,
ord_000605,2026-04-05T04:46:25+05:30,2026-04-07T07:08:28+05:30,DELIVERED,2,,
ord_000606,2026-04-04T12:30:40+05:30,,RTO,2,,
ord_000607,2026-04-05T00:34:08+05:30,2026-04-09T20:31:19+05:30,DELIVERED,2,,
ord_000608,2026-04-05T14:01:29+05:30,2026-04-08T08:36:38+05:30,DELIVERED,1,,
ord_000609,2026-04-05T20:17:22+05:30,2026-04-08T04:18:30+05:30,DELIVERED,1,,
ord_000610,2026-04-05T18:44:56+05:30,,NDR,3,,
ord_000611,2026-04-05T08:46:31+05:30,2026-04-09T10:19:32+05:30,DELIVERED,1,,
ord_000612,2026-04-05T08:58:17+05:30,2026-04-09T05:37:44+05:30,DELIVERED,1,,
ord_000613,2026-04-05T14:10:50+05:30,2026-04-09T02:47:58+05:30,DELIVERED,2,,
ord_000614,2026-04-06T04:55:38+05:30,2026-04-09T06:17:22+05:30,DELIVERED,1,,
ord_000615,2026-04-06T07:26:41+05:30,2026-04-11T22:52:53+05:30,DELIVERED,1,,
ord_000616,2026-04-06T04:43:27+05:30,2026-04-09T16:47:44+05:30,DELIVERED,1,,
ord_000617,2026-04-06T22:24:25+05:30,2026-04-10T22:59:58+05:30,DELIVERED,1,,
ord_000618,2026-04-06T08:20:29+05:30,2026-04-10T19:17:01+05:30,DELIVERED,1,,
ord_000619,2026-04-07T01:09:42+05:30,2026-04-11T22:32:35+05:30,DELIVERED,1,,
ord_000620,2026-04-07T05:54:04+05:30,2026-04-11T15:59:50+05:30,DELIVERED,1,,
ord_000621,2026-04-07T03:48:34+05:30,2026-04-10T02:05:49+05:30,DELIVERED,1,,
ord_000622,2026-04-07T04:14:18+05:30,2026-04-11T19:34:28+05:30,DELIVERED,1,,
ord_scn_03_h2,2026-04-06T16:00:00+05:30,2026-04-10T16:00:00+05:30,DELIVERED,1,,
ord_000623,2026-04-07T11:04:25+05:30,,RTO,2,,
ord_000624,2026-04-06T16:04:06+05:30,,RTO,3,,
ord_000625,2026-04-07T10:05:01+05:30,2026-04-12T12:30:51+05:30,DELIVERED,1,,
ord_000626,2026-04-07T22:10:34+05:30,2026-04-10T11:41:22+05:30,DELIVERED,1,,
ord_000627,2026-04-07T12:31:59+05:30,2026-04-10T21:49:55+05:30,DELIVERED,1,,
ord_000628,2026-04-07T17:40:23+05:30,,RTO,3,,
ord_000629,2026-04-08T01:35:23+05:30,2026-04-10T10:18:33+05:30,DELIVERED,1,,
ord_000630,2026-04-08T14:02:06+05:30,2026-04-13T15:04:47+05:30,DELIVERED,1,,
ord_000631,2026-04-08T01:07:41+05:30,2026-04-11T16:00:09+05:30,DELIVERED,1,,
ord_000632,2026-04-08T13:02:07+05:30,2026-04-13T20:57:48+05:30,DELIVERED,1,,
ord_000633,2026-04-09T06:01:03+05:30,2026-04-13T03:36:22+05:30,DELIVERED,2,,
ord_000634,2026-04-08T19:06:40+05:30,,RTO,2,,
ord_000635,2026-04-08T11:16:44+05:30,2026-04-12T10:43:55+05:30,DELIVERED,2,,
ord_000636,2026-04-09T19:35:54+05:30,2026-04-12T21:55:22+05:30,DELIVERED,1,,
ord_000637,2026-04-09T08:23:58+05:30,2026-04-12T01:58:07+05:30,DELIVERED,1,,
ord_000638,2026-04-10T07:50:40+05:30,2026-04-14T12:36:58+05:30,DELIVERED,1,,
ord_000639,2026-04-10T08:05:09+05:30,2026-04-14T15:00:50+05:30,DELIVERED,2,,
ord_000640,2026-04-10T16:51:58+05:30,2026-04-15T01:58:42+05:30,DELIVERED,2,,
ord_000641,2026-04-10T18:25:05+05:30,2026-04-13T20:22:10+05:30,DELIVERED,1,,
ord_000642,2026-04-10T07:42:05+05:30,2026-04-13T15:19:10+05:30,DELIVERED,2,,
ord_000643,2026-04-10T23:18:47+05:30,2026-04-13T20:18:56+05:30,DELIVERED,2,,
ord_000644,2026-04-11T02:22:18+05:30,2026-04-16T02:18:15+05:30,DELIVERED,1,,
ord_000645,2026-04-10T18:07:40+05:30,2026-04-14T20:56:10+05:30,DELIVERED,2,,
ord_000646,2026-04-10T10:33:03+05:30,2026-04-15T16:45:44+05:30,DELIVERED,1,,
ord_000647,2026-04-10T16:06:14+05:30,2026-04-16T03:27:46+05:30,DELIVERED,1,,
ord_000648,2026-04-11T10:11:18+05:30,2026-04-15T15:45:13+05:30,DELIVERED,1,,
ord_000649,2026-04-11T13:05:49+05:30,2026-04-14T05:05:56+05:30,DELIVERED,1,,
ord_scn_01_h1,2026-04-11T16:00:00+05:30,2026-04-15T16:00:00+05:30,DELIVERED,1,,
ord_scn_04,2026-04-11T16:00:00+05:30,2026-04-15T16:00:00+05:30,DELIVERED,1,,
ord_000650,2026-04-13T02:00:07+05:30,,RTO,2,,
ord_000651,2026-04-13T09:05:49+05:30,2026-04-19T06:15:29+05:30,DELIVERED,1,,
ord_000652,2026-04-12T17:47:57+05:30,2026-04-16T07:07:20+05:30,DELIVERED,1,,
ord_000653,2026-04-12T15:04:51+05:30,2026-04-18T06:24:29+05:30,DELIVERED,1,,
ord_000654,2026-04-12T21:30:50+05:30,2026-04-18T10:09:48+05:30,DELIVERED,1,,
ord_000655,2026-04-12T18:57:52+05:30,,NDR,3,,
ord_000656,2026-04-13T16:30:57+05:30,,DELIVERED,1,,
ord_000657,2026-04-13T03:14:25+05:30,2026-04-16T06:06:59+05:30,DELIVERED,1,,
ord_000658,2026-04-13T19:51:32+05:30,2026-04-16T14:06:34+05:30,DELIVERED,1,,
ord_000659,2026-04-13T08:22:16+05:30,2026-04-18T11:08:21+05:30,DELIVERED,1,,
ord_000660,2026-04-14T11:01:11+05:30,2026-04-17T00:41:57+05:30,DELIVERED,2,,
ord_000661,2026-04-14T12:27:17+05:30,2026-04-16T12:59:50+05:30,DELIVERED,1,,
ord_000662,2026-04-14T17:17:20+05:30,2026-04-18T12:53:06+05:30,DELIVERED,1,,
ord_000663,2026-04-14T13:39:30+05:30,2026-04-20T09:59:14+05:30,DELIVERED,1,,
ord_000664,2026-04-14T17:25:33+05:30,2026-04-17T20:35:50+05:30,DELIVERED,1,,
ord_000665,2026-04-15T03:27:20+05:30,2026-04-17T04:18:15+05:30,DELIVERED,1,,
ord_000666,2026-04-14T23:44:12+05:30,2026-04-19T12:05:07+05:30,DELIVERED,2,,
ord_000667,2026-04-15T15:25:43+05:30,,RTO,2,,
ord_000668,2026-04-16T03:04:31+05:30,2026-04-21T09:09:45+05:30,DELIVERED,2,,
ord_000669,2026-04-16T11:52:37+05:30,2026-04-19T20:53:11+05:30,DELIVERED,1,,
ord_000670,2026-04-16T12:31:59+05:30,2026-04-18T14:44:04+05:30,DELIVERED,1,,
ord_000671,2026-04-15T16:46:05+05:30,,RTO,3,,
ord_000672,2026-04-16T11:26:09+05:30,2026-04-20T23:26:44+05:30,DELIVERED,1,,
ord_000673,2026-04-16T11:39:47+05:30,,RTO,3,,
ord_scn_02_h2,2026-04-16T16:00:00+05:30,,RTO,3,,
ord_000674,2026-04-17T06:00:07+05:30,2026-04-22T03:02:04+05:30,DELIVERED,1,,
ord_000675,2026-04-17T11:30:17+05:30,2026-04-19T21:11:09+05:30,DELIVERED,1,,
ord_000676,2026-04-17T21:12:35+05:30,2026-04-20T16:54:12+05:30,DELIVERED,1,,
ord_000677,2026-04-17T13:58:02+05:30,2026-04-19T23:17:13+05:30,DELIVERED,1,,
ord_000678,2026-04-17T22:56:23+05:30,2026-04-20T00:05:55+05:30,DELIVERED,1,,
ord_000679,2026-04-17T03:33:57+05:30,2026-04-21T14:36:25+05:30,DELIVERED,1,,
ord_000680,2026-04-18T01:07:27+05:30,2026-04-22T08:00:59+05:30,DELIVERED,1,,
ord_000681,2026-04-17T12:17:30+05:30,2026-04-22T14:35:56+05:30,DELIVERED,1,,
ord_000682,2026-04-18T11:03:27+05:30,2026-04-20T20:02:51+05:30,DELIVERED,1,,
ord_000683,2026-04-18T12:26:01+05:30,2026-04-23T13:52:50+05:30,DELIVERED,1,,
ord_000684,2026-04-18T03:25:25+05:30,2026-04-21T12:11:29+05:30,DELIVERED,2,,
ord_000685,2026-04-18T04:54:54+05:30,2026-04-23T06:00:06+05:30,DELIVERED,2,,
ord_000686,2026-04-18T14:37:09+05:30,2026-04-21T04:27:04+05:30,DELIVERED,1,,
ord_000687,2026-04-18T09:33:47+05:30,2026-04-22T21:39:03+05:30,DELIVERED,1,,
ord_000688,2026-04-19T01:16:15+05:30,2026-04-23T22:57:32+05:30,DELIVERED,2,,
ord_000689,2026-04-19T03:50:30+05:30,2026-04-24T10:07:22+05:30,DELIVERED,2,,
ord_000690,2026-04-18T14:19:01+05:30,2026-04-22T01:27:42+05:30,DELIVERED,1,,
ord_000691,2026-04-18T12:05:47+05:30,,RTO,3,,
ord_000692,2026-04-19T06:59:07+05:30,,RTO,2,,
ord_000693,2026-04-19T11:40:59+05:30,2026-04-22T23:48:47+05:30,DELIVERED,1,,
ord_000694,2026-04-19T15:22:59+05:30,2026-04-23T09:17:49+05:30,DELIVERED,1,,
ord_000695,2026-04-19T19:26:26+05:30,2026-04-23T19:43:38+05:30,DELIVERED,2,,
ord_000696,2026-04-19T17:12:42+05:30,,RTO,3,,
ord_000697,2026-04-19T01:49:08+05:30,2026-04-22T11:17:51+05:30,DELIVERED,1,,
ord_000698,2026-04-19T23:10:22+05:30,2026-04-23T04:55:37+05:30,DELIVERED,1,,
ord_000699,2026-04-19T19:33:08+05:30,2026-04-23T12:46:41+05:30,DELIVERED,2,,
ord_000700,2026-04-19T19:46:31+05:30,2026-04-23T02:10:53+05:30,DELIVERED,1,,
ord_000701,2026-04-20T16:16:18+05:30,2026-04-25T10:10:31+05:30,DELIVERED,1,,
ord_000702,2026-04-20T02:35:45+05:30,,RTO,2,,
ord_000703,2026-04-20T11:34:02+05:30,2026-04-26T00:35:31+05:30,DELIVERED,1,,
ord_000704,2026-04-20T12:06:46+05:30,2026-04-24T12:46:19+05:30,DELIVERED,1,,
ord_000705,2026-04-20T11:32:05+05:30,2026-04-25T14:20:06+05:30,DELIVERED,1,,
ord_000706,2026-04-21T16:49:24+05:30,2026-04-26T03:22:22+05:30,DELIVERED,1,,
ord_000707,2026-04-21T22:57:12+05:30,2026-04-27T05:34:17+05:30,DELIVERED,2,,
ord_000708,2026-04-21T14:25:21+05:30,2026-04-25T07:54:15+05:30,DELIVERED,1,,
ord_scn_03_h3,2026-04-21T16:00:00+05:30,2026-04-25T16:00:00+05:30,DELIVERED,1,,
ord_scn_05,2026-04-21T16:00:00+05:30,2026-04-25T16:00:00+05:30,DELIVERED,1,,
ord_000709,2026-04-21T14:51:37+05:30,2026-04-25T21:22:55+05:30,DELIVERED,1,,
ord_000710,2026-04-21T15:25:02+05:30,2026-04-25T10:13:11+05:30,DELIVERED,1,,
ord_000711,2026-04-22T09:34:30+05:30,2026-04-26T01:47:53+05:30,DELIVERED,1,,
ord_000712,2026-04-21T16:46:40+05:30,2026-04-25T16:13:16+05:30,DELIVERED,1,,
ord_000713,2026-04-22T15:23:05+05:30,2026-04-25T16:26:57+05:30,DELIVERED,1,,
ord_000714,2026-04-22T10:16:34+05:30,2026-04-27T07:34:24+05:30,DELIVERED,1,,
ord_000715,2026-04-21T22:28:31+05:30,2026-04-27T16:51:30+05:30,DELIVERED,2,,
ord_000716,2026-04-22T23:10:41+05:30,2026-04-27T02:56:56+05:30,DELIVERED,2,,
ord_000717,2026-04-22T16:36:00+05:30,2026-04-24T23:31:20+05:30,DELIVERED,1,,
ord_000718,2026-04-22T13:30:52+05:30,2026-04-27T08:11:51+05:30,DELIVERED,1,,
ord_000719,2026-04-23T02:56:18+05:30,2026-04-26T08:42:40+05:30,DELIVERED,1,,
ord_000720,2026-04-22T11:39:28+05:30,2026-04-26T01:21:30+05:30,DELIVERED,1,,
ord_000721,2026-04-23T05:27:54+05:30,2026-04-26T20:24:15+05:30,DELIVERED,1,,
ord_000722,2026-04-23T00:01:08+05:30,2026-04-26T21:10:32+05:30,DELIVERED,1,,
ord_000723,2026-04-22T23:44:15+05:30,2026-04-27T14:38:18+05:30,DELIVERED,1,,
ord_000724,2026-04-22T14:03:52+05:30,2026-04-26T02:34:26+05:30,DELIVERED,2,,
ord_000725,2026-04-23T09:40:49+05:30,2026-04-26T22:47:19+05:30,DELIVERED,1,,
ord_000726,2026-04-22T19:28:46+05:30,2026-04-25T14:44:57+05:30,DELIVERED,1,,
ord_000727,2026-04-23T21:52:01+05:30,2026-04-27T05:56:35+05:30,DELIVERED,1,,
ord_000728,2026-04-23T12:52:45+05:30,2026-04-27T07:26:21+05:30,DELIVERED,1,,
ord_000729,2026-04-23T14:45:38+05:30,2026-04-27T04:17:12+05:30,DELIVERED,1,,
ord_000730,2026-04-23T17:14:56+05:30,2026-04-27T18:30:56+05:30,DELIVERED,2,,
ord_scn_06,2026-04-23T16:00:00+05:30,,DELIVERED,1,,
ord_000731,2026-04-23T15:11:01+05:30,,RTO,2,,
ord_000732,2026-04-24T14:14:25+05:30,2026-04-29T13:05:51+05:30,DELIVERED,1,,
ord_000733,2026-04-24T19:54:13+05:30,2026-04-28T18:24:08+05:30,DELIVERED,1,,
ord_000734,2026-04-24T14:24:37+05:30,2026-04-29T11:48:59+05:30,DELIVERED,1,,
ord_000735,2026-04-24T07:10:39+05:30,2026-04-27T02:42:24+05:30,DELIVERED,1,,
ord_000736,2026-04-24T13:37:24+05:30,2026-04-26T21:17:15+05:30,DELIVERED,1,,
ord_000737,2026-04-24T09:27:41+05:30,2026-04-28T03:01:36+05:30,DELIVERED,2,,
ord_000738,2026-04-24T15:50:47+05:30,2026-04-29T12:53:57+05:30,DELIVERED,1,,
ord_000739,2026-04-24T23:09:28+05:30,2026-04-27T00:37:38+05:30,DELIVERED,1,,
ord_000740,2026-04-25T18:59:21+05:30,2026-04-28T04:34:22+05:30,DELIVERED,2,,
ord_000741,2026-04-26T03:54:32+05:30,,RTO,2,,
ord_000742,2026-04-25T15:33:30+05:30,2026-04-28T08:57:11+05:30,DELIVERED,1,,
ord_000743,2026-04-25T21:09:15+05:30,,RTO,3,,
ord_000744,2026-04-26T11:41:36+05:30,,RTO,2,,
ord_000745,2026-04-26T09:25:15+05:30,2026-04-30T15:11:12+05:30,DELIVERED,2,,
ord_000746,2026-04-26T14:34:02+05:30,2026-04-30T17:54:33+05:30,DELIVERED,1,,
ord_000747,2026-04-26T15:25:40+05:30,2026-04-29T07:27:47+05:30,DELIVERED,1,,
ord_scn_01_h2,2026-04-26T16:00:00+05:30,2026-04-30T16:00:00+05:30,DELIVERED,1,,
ord_scn_07,2026-04-26T16:00:00+05:30,2026-04-30T16:00:00+05:30,DELIVERED,1,,
ord_000748,2026-04-27T11:28:35+05:30,2026-04-29T16:34:34+05:30,DELIVERED,2,,
ord_000749,2026-04-27T02:19:31+05:30,2026-05-01T05:22:57+05:30,DELIVERED,1,,
ord_000750,2026-04-27T03:48:36+05:30,,RTO,3,,
ord_000751,2026-04-27T03:57:00+05:30,,NDR,3,,
ord_000752,2026-04-28T00:27:56+05:30,2026-05-02T01:12:45+05:30,DELIVERED,1,,
ord_000753,2026-04-27T06:04:16+05:30,2026-04-29T06:51:56+05:30,DELIVERED,1,,
ord_000754,2026-04-27T18:19:48+05:30,2026-05-01T14:24:22+05:30,DELIVERED,1,,
ord_000755,2026-04-27T05:15:50+05:30,,RTO,3,,
ord_000756,2026-04-28T09:44:39+05:30,2026-05-02T22:22:06+05:30,DELIVERED,1,,
ord_000757,2026-04-28T05:52:42+05:30,2026-05-01T03:14:31+05:30,DELIVERED,2,,
ord_000758,2026-04-28T14:13:38+05:30,,DELIVERED,1,,
ord_000759,2026-04-28T14:31:39+05:30,2026-05-02T22:45:23+05:30,DELIVERED,1,,
ord_000760,2026-04-28T17:52:01+05:30,2026-05-01T07:04:57+05:30,DELIVERED,1,,
ord_000761,2026-04-28T23:15:05+05:30,2026-05-02T13:04:57+05:30,DELIVERED,1,,
ord_000762,2026-04-28T23:12:01+05:30,2026-05-01T10:03:22+05:30,DELIVERED,2,,
ord_000763,2026-04-29T06:54:11+05:30,2026-05-02T15:06:00+05:30,DELIVERED,1,,
ord_000764,2026-04-28T20:45:53+05:30,2026-05-01T11:26:06+05:30,DELIVERED,1,,
ord_000765,2026-04-28T22:14:31+05:30,2026-05-01T13:13:26+05:30,DELIVERED,1,,
ord_000766,2026-04-28T10:01:09+05:30,2026-05-03T16:18:43+05:30,DELIVERED,1,,
ord_000767,2026-04-29T03:48:11+05:30,2026-05-02T12:00:50+05:30,DELIVERED,1,,
ord_000768,2026-04-29T04:34:34+05:30,2026-05-02T16:56:35+05:30,DELIVERED,1,,
ord_000769,2026-04-28T21:57:24+05:30,,RTO,2,,
ord_000770,2026-04-28T18:00:59+05:30,2026-05-02T21:46:35+05:30,DELIVERED,2,,
ord_000771,2026-04-29T07:17:31+05:30,2026-05-02T18:18:13+05:30,DELIVERED,2,,
ord_000772,2026-04-29T08:57:49+05:30,2026-05-02T21:10:08+05:30,DELIVERED,1,,
ord_000773,2026-04-29T05:51:38+05:30,2026-05-03T09:45:05+05:30,DELIVERED,1,,
ord_000774,2026-04-30T08:12:47+05:30,2026-05-06T04:58:44+05:30,DELIVERED,1,,
ord_000775,2026-04-29T23:52:20+05:30,2026-05-02T16:30:21+05:30,DELIVERED,2,,
ord_000776,2026-04-30T16:42:59+05:30,2026-05-04T02:42:21+05:30,DELIVERED,1,,
ord_000777,2026-04-30T07:51:22+05:30,2026-05-06T01:37:37+05:30,DELIVERED,2,,
ord_000778,2026-04-30T04:07:51+05:30,2026-05-04T14:33:52+05:30,DELIVERED,1,,
ord_000779,2026-04-30T13:22:00+05:30,2026-05-04T21:12:21+05:30,DELIVERED,2,,
ord_000780,2026-04-30T15:37:02+05:30,2026-05-03T01:29:05+05:30,DELIVERED,1,,
ord_000781,2026-05-01T00:45:41+05:30,2026-05-03T03:55:30+05:30,DELIVERED,1,,
ord_000782,2026-04-30T21:41:16+05:30,2026-05-05T13:09:22+05:30,DELIVERED,1,,
ord_000783,2026-05-01T07:00:03+05:30,,RTO,2,,
ord_000784,2026-04-30T11:09:16+05:30,,RTO,3,,
ord_000785,2026-04-30T15:25:10+05:30,2026-05-05T08:22:11+05:30,DELIVERED,1,,
ord_000786,2026-05-01T09:27:16+05:30,2026-05-07T04:28:12+05:30,DELIVERED,2,,
ord_000787,2026-04-30T17:31:10+05:30,2026-05-06T10:17:54+05:30,DELIVERED,1,,
ord_000788,2026-05-01T15:32:16+05:30,2026-05-04T05:32:19+05:30,DELIVERED,1,,
ord_000789,2026-04-30T22:43:24+05:30,2026-05-05T09:03:13+05:30,DELIVERED,1,,
ord_000790,2026-05-01T15:59:16+05:30,2026-05-06T16:33:45+05:30,DELIVERED,1,,
ord_000791,2026-05-01T15:06:07+05:30,2026-05-03T19:03:57+05:30,DELIVERED,1,,
ord_000792,2026-05-01T20:00:11+05:30,2026-05-05T10:49:21+05:30,DELIVERED,2,,
ord_000793,2026-05-02T00:24:00+05:30,2026-05-07T11:39:44+05:30,DELIVERED,2,,
ord_000794,2026-05-02T00:13:23+05:30,2026-05-05T07:49:37+05:30,DELIVERED,1,,
ord_scn_03,2026-05-01T16:00:00+05:30,2026-05-05T16:00:00+05:30,DELIVERED,1,,
ord_000795,2026-05-01T13:17:26+05:30,2026-05-05T11:19:29+05:30,DELIVERED,1,,
ord_000796,2026-05-02T05:05:06+05:30,2026-05-07T19:24:39+05:30,DELIVERED,1,,
ord_000797,2026-05-02T13:02:59+05:30,2026-05-04T20:27:20+05:30,DELIVERED,1,,
ord_000798,2026-05-02T13:06:08+05:30,2026-05-06T23:14:58+05:30,DELIVERED,1,,
ord_000799,2026-05-02T14:02:43+05:30,2026-05-07T00:57:04+05:30,DELIVERED,1,,
ord_000800,2026-05-02T19:50:27+05:30,2026-05-05T20:36:30+05:30,DELIVERED,2,,
ord_000801,2026-05-02T16:26:38+05:30,2026-05-07T09:14:35+05:30,DELIVERED,1,,
ord_000802,2026-05-02T14:14:07+05:30,2026-05-06T04:57:21+05:30,DELIVERED,1,,
ord_000803,2026-05-03T17:23:23+05:30,2026-05-07T09:56:55+05:30,DELIVERED,1,,
ord_000804,2026-05-03T05:21:36+05:30,2026-05-08T13:54:39+05:30,DELIVERED,1,,
ord_000805,2026-05-03T08:05:46+05:30,2026-05-07T18:09:07+05:30,DELIVERED,1,,
ord_000806,2026-05-03T18:54:05+05:30,2026-05-08T08:57:14+05:30,DELIVERED,1,,
ord_000807,2026-05-03T18:26:31+05:30,2026-05-06T11:24:14+05:30,DELIVERED,1,,
ord_000808,2026-05-04T16:52:19+05:30,2026-05-06T23:09:13+05:30,DELIVERED,2,,
ord_000809,2026-05-04T23:47:25+05:30,2026-05-06T23:57:38+05:30,DELIVERED,2,,
ord_000810,2026-05-04T12:32:18+05:30,2026-05-07T09:17:47+05:30,DELIVERED,2,,
ord_000811,2026-05-05T16:40:28+05:30,2026-05-11T02:03:20+05:30,DELIVERED,1,,
ord_000812,2026-05-05T17:15:52+05:30,2026-05-10T20:05:10+05:30,DELIVERED,1,,
ord_000813,2026-05-05T03:11:23+05:30,2026-05-10T09:44:07+05:30,DELIVERED,1,,
ord_000814,2026-05-06T01:11:08+05:30,,RTO,3,,
ord_000815,2026-05-05T17:01:55+05:30,2026-05-11T07:12:44+05:30,DELIVERED,1,,
ord_000816,2026-05-06T01:02:18+05:30,2026-05-09T07:02:09+05:30,DELIVERED,1,,
ord_000817,2026-05-06T15:20:24+05:30,2026-05-10T15:54:08+05:30,DELIVERED,1,,
ord_000818,2026-05-06T10:15:34+05:30,,RTO,2,,
ord_000819,2026-05-06T18:35:32+05:30,2026-05-09T00:40:45+05:30,DELIVERED,1,,
ord_000820,2026-05-06T17:29:19+05:30,,DELIVERED,1,,
ord_scn_02,2026-05-06T16:00:00+05:30,2026-05-10T16:00:00+05:30,DELIVERED,1,,
ord_000821,2026-05-07T19:17:08+05:30,2026-05-13T10:07:05+05:30,DELIVERED,1,,
ord_000822,2026-05-08T02:41:33+05:30,,RTO,3,,
ord_000823,2026-05-08T08:06:40+05:30,2026-05-12T20:54:45+05:30,DELIVERED,1,,
ord_000824,2026-05-08T09:59:23+05:30,2026-05-14T05:24:06+05:30,DELIVERED,1,,
ord_000825,2026-05-08T09:10:24+05:30,2026-05-14T03:46:51+05:30,DELIVERED,1,,
ord_000826,2026-05-08T10:33:42+05:30,,DELIVERED,1,,
ord_000827,2026-05-09T04:38:56+05:30,2026-05-12T06:46:01+05:30,DELIVERED,1,,
ord_000828,2026-05-08T04:12:23+05:30,2026-05-10T22:43:41+05:30,DELIVERED,1,,
ord_000829,2026-05-09T07:31:41+05:30,,RTO,2,,
ord_000830,2026-05-09T07:46:57+05:30,2026-05-12T15:53:23+05:30,DELIVERED,2,,
ord_000831,2026-05-09T07:30:57+05:30,2026-05-12T14:21:32+05:30,DELIVERED,1,,
ord_000832,2026-05-09T07:09:40+05:30,2026-05-15T06:22:14+05:30,DELIVERED,1,,
ord_000833,2026-05-08T22:59:50+05:30,2026-05-11T23:35:54+05:30,DELIVERED,1,,
ord_000834,2026-05-09T16:19:57+05:30,2026-05-15T14:01:09+05:30,DELIVERED,1,,
ord_000835,2026-05-10T06:05:10+05:30,2026-05-15T09:25:28+05:30,DELIVERED,1,,
ord_000836,2026-05-09T10:27:29+05:30,2026-05-11T15:11:43+05:30,DELIVERED,2,,
ord_000837,2026-05-10T05:59:34+05:30,2026-05-14T00:06:49+05:30,DELIVERED,1,,
ord_000838,2026-05-10T12:23:57+05:30,2026-05-14T18:47:18+05:30,DELIVERED,1,,
ord_000839,2026-05-09T23:01:47+05:30,2026-05-14T23:19:29+05:30,DELIVERED,1,,
ord_000840,2026-05-09T15:51:22+05:30,2026-05-14T17:42:54+05:30,DELIVERED,1,,
ord_000841,2026-05-10T10:40:13+05:30,,RTO,3,,
ord_000842,2026-05-10T09:36:21+05:30,2026-05-13T06:19:20+05:30,DELIVERED,1,,
ord_000843,2026-05-10T01:10:12+05:30,2026-05-12T10:40:33+05:30,DELIVERED,1,,
ord_000844,2026-05-10T20:21:02+05:30,2026-05-15T22:00:59+05:30,DELIVERED,1,,
ord_000845,2026-05-11T08:46:40+05:30,2026-05-13T11:37:57+05:30,DELIVERED,1,,
ord_000846,2026-05-11T02:15:01+05:30,2026-05-16T15:47:22+05:30,DELIVERED,1,,
ord_000847,2026-05-11T17:15:10+05:30,2026-05-14T06:35:33+05:30,DELIVERED,1,,
ord_000848,2026-05-11T17:10:09+05:30,,LOST,1,,
ord_000849,2026-05-11T05:49:19+05:30,,LOST,1,,
ord_000850,2026-05-11T08:54:15+05:30,2026-05-15T09:53:40+05:30,DELIVERED,1,,
ord_000851,2026-05-11T20:53:15+05:30,2026-05-15T14:35:18+05:30,DELIVERED,1,,
ord_000852,2026-05-11T20:04:21+05:30,2026-05-15T13:49:38+05:30,DELIVERED,1,,
ord_scn_01,2026-05-11T16:00:00+05:30,2026-05-15T16:00:00+05:30,DELIVERED,1,,
ord_000853,2026-05-12T18:22:40+05:30,2026-05-17T22:08:41+05:30,DELIVERED,2,,
ord_000854,2026-05-12T23:30:47+05:30,2026-05-17T14:09:40+05:30,DELIVERED,1,,
ord_000855,2026-05-12T07:31:56+05:30,2026-05-15T10:42:09+05:30,DELIVERED,1,,
ord_000856,2026-05-13T05:21:32+05:30,2026-05-16T01:50:28+05:30,DELIVERED,2,,
ord_000857,2026-05-12T23:02:16+05:30,2026-05-17T23:34:31+05:30,DELIVERED,1,,
ord_000858,2026-05-13T05:59:42+05:30,2026-05-15T11:38:51+05:30,DELIVERED,2,,
ord_000859,2026-05-13T05:46:39+05:30,2026-05-15T18:34:13+05:30,DELIVERED,1,,
ord_000860,2026-05-14T04:28:26+05:30,2026-05-18T14:35:00+05:30,DELIVERED,1,,
ord_000861,2026-05-13T09:31:48+05:30,2026-05-18T15:58:21+05:30,DELIVERED,2,,
ord_000862,2026-05-13T06:22:22+05:30,2026-05-18T22:03:43+05:30,DELIVERED,1,,
ord_000863,2026-05-13T07:59:13+05:30,2026-05-16T20:18:51+05:30,DELIVERED,2,,
ord_000864,2026-05-14T01:26:50+05:30,2026-05-17T04:39:30+05:30,DELIVERED,1,,
ord_000865,2026-05-13T12:38:04+05:30,2026-05-16T08:20:11+05:30,DELIVERED,1,,
ord_000866,2026-05-14T10:07:05+05:30,2026-05-16T11:57:27+05:30,DELIVERED,1,,
ord_000867,2026-05-14T03:33:24+05:30,2026-05-16T19:28:36+05:30,DELIVERED,1,,
ord_000868,2026-05-14T21:42:35+05:30,2026-05-19T05:12:10+05:30,DELIVERED,1,,
ord_000869,2026-05-15T02:29:33+05:30,2026-05-17T20:58:34+05:30,DELIVERED,1,,
ord_000870,2026-05-14T16:21:31+05:30,2026-05-17T05:44:59+05:30,DELIVERED,1,,
ord_000871,2026-05-14T19:01:03+05:30,2026-05-17T04:23:15+05:30,DELIVERED,1,,
ord_000872,2026-05-14T12:51:48+05:30,2026-05-18T07:45:50+05:30,DELIVERED,1,,
ord_000873,2026-05-15T04:53:14+05:30,2026-05-19T21:45:21+05:30,DELIVERED,1,,
ord_000874,2026-05-14T22:35:37+05:30,2026-05-20T19:37:44+05:30,DELIVERED,1,,
ord_000875,2026-05-15T22:24:06+05:30,2026-05-19T05:14:37+05:30,DELIVERED,1,,
ord_000876,2026-05-15T16:26:58+05:30,2026-05-20T12:20:20+05:30,DELIVERED,1,,
ord_000877,2026-05-15T21:27:30+05:30,2026-05-19T21:40:44+05:30,DELIVERED,1,,
ord_000878,2026-05-16T13:35:38+05:30,,RTO,3,,
ord_000879,2026-05-15T21:34:33+05:30,2026-05-19T08:25:49+05:30,DELIVERED,1,,
ord_000880,2026-05-15T19:02:06+05:30,2026-05-18T12:45:24+05:30,DELIVERED,1,,
ord_000881,2026-05-16T17:13:37+05:30,2026-05-19T14:07:55+05:30,DELIVERED,1,,
ord_000882,2026-05-16T21:21:14+05:30,2026-05-21T06:06:21+05:30,DELIVERED,1,,
ord_000883,2026-05-16T22:37:21+05:30,2026-05-22T13:56:44+05:30,DELIVERED,1,,
ord_000884,2026-05-17T05:17:24+05:30,,NDR,3,,
ord_000885,2026-05-16T10:23:14+05:30,2026-05-19T14:28:45+05:30,DELIVERED,1,,
ord_000886,2026-05-17T19:29:30+05:30,2026-05-23T15:30:26+05:30,DELIVERED,1,,
ord_000887,2026-05-17T10:44:49+05:30,2026-05-21T06:23:49+05:30,DELIVERED,2,,
ord_000888,2026-05-18T03:24:12+05:30,2026-05-22T01:12:23+05:30,DELIVERED,1,,
ord_000889,2026-05-18T06:32:17+05:30,2026-05-22T12:59:42+05:30,DELIVERED,1,,
ord_000890,2026-05-17T18:27:51+05:30,2026-05-20T19:51:53+05:30,DELIVERED,1,,
ord_000891,2026-05-18T01:09:11+05:30,2026-05-21T03:28:12+05:30,DELIVERED,1,,
ord_000892,2026-05-17T14:30:34+05:30,2026-05-22T17:21:02+05:30,DELIVERED,1,,
ord_000893,2026-05-17T13:12:51+05:30,,RTO,3,,
ord_000894,2026-05-18T05:33:08+05:30,2026-05-22T21:20:35+05:30,DELIVERED,1,,
ord_000895,2026-05-18T01:46:52+05:30,2026-05-21T20:20:43+05:30,DELIVERED,2,,
ord_000896,2026-05-18T04:02:30+05:30,2026-05-23T18:37:50+05:30,DELIVERED,1,,
ord_000897,2026-05-17T15:11:33+05:30,2026-05-23T11:13:19+05:30,DELIVERED,1,,
ord_000898,2026-05-17T22:09:36+05:30,2026-05-23T19:10:21+05:30,DELIVERED,1,,
ord_000899,2026-05-18T05:45:28+05:30,2026-05-23T18:10:42+05:30,DELIVERED,1,,
ord_000900,2026-05-17T19:58:20+05:30,2026-05-20T13:08:12+05:30,DELIVERED,1,,
ord_000901,2026-05-18T23:46:16+05:30,2026-05-23T07:57:13+05:30,DELIVERED,1,,
ord_000902,2026-05-18T12:05:24+05:30,2026-05-20T17:06:30+05:30,DELIVERED,1,,
ord_000903,2026-05-18T07:08:15+05:30,2026-05-21T14:35:10+05:30,DELIVERED,1,,
ord_000904,2026-05-18T06:28:30+05:30,2026-05-22T14:09:48+05:30,DELIVERED,2,,
ord_000905,2026-05-18T13:13:13+05:30,2026-05-20T22:39:24+05:30,DELIVERED,1,,
ord_000906,2026-05-19T01:57:31+05:30,2026-05-23T09:23:59+05:30,DELIVERED,1,,
ord_000907,2026-05-18T19:04:27+05:30,2026-05-21T07:34:29+05:30,DELIVERED,1,,
ord_000908,2026-05-19T08:24:15+05:30,2026-05-22T16:55:01+05:30,DELIVERED,1,,
ord_000909,2026-05-19T08:30:57+05:30,2026-05-24T05:18:36+05:30,DELIVERED,1,,
ord_000910,2026-05-19T18:31:32+05:30,2026-05-23T08:03:13+05:30,DELIVERED,1,,
ord_000911,2026-05-20T11:00:08+05:30,2026-05-23T23:01:30+05:30,DELIVERED,1,,
ord_000912,2026-05-21T00:17:24+05:30,2026-05-24T08:12:29+05:30,DELIVERED,1,,
ord_000913,2026-05-20T21:44:14+05:30,2026-05-24T23:49:34+05:30,DELIVERED,1,,
ord_000914,2026-05-20T12:23:49+05:30,2026-05-25T00:44:04+05:30,DELIVERED,1,,
ord_000915,2026-05-20T10:25:14+05:30,2026-05-26T02:48:33+05:30,DELIVERED,1,,
ord_000916,2026-05-20T14:34:37+05:30,,RTO,3,,
ord_000917,2026-05-21T10:55:47+05:30,2026-05-23T17:30:35+05:30,DELIVERED,1,,
ord_000918,2026-05-20T22:14:55+05:30,2026-05-24T22:56:37+05:30,DELIVERED,1,,
ord_000919,2026-05-21T15:23:38+05:30,2026-05-25T15:32:31+05:30,DELIVERED,1,,
ord_000920,2026-05-21T23:19:51+05:30,2026-05-25T03:28:54+05:30,DELIVERED,1,,
ord_000921,2026-05-21T09:01:04+05:30,2026-05-27T07:26:55+05:30,DELIVERED,1,,
ord_000922,2026-05-21T08:40:55+05:30,2026-05-25T13:28:29+05:30,DELIVERED,1,,
ord_000923,2026-05-21T08:01:11+05:30,,NDR,3,,
ord_000924,2026-05-22T09:18:17+05:30,2026-05-25T05:36:22+05:30,DELIVERED,1,,
ord_000925,2026-05-21T08:03:50+05:30,2026-05-24T18:05:33+05:30,DELIVERED,1,,
ord_000926,2026-05-21T18:32:24+05:30,2026-05-25T15:54:09+05:30,DELIVERED,1,,
ord_000927,2026-05-22T12:07:55+05:30,2026-05-26T04:06:56+05:30,DELIVERED,1,,
ord_000928,2026-05-22T14:59:39+05:30,2026-05-24T20:14:25+05:30,DELIVERED,1,,
ord_000929,2026-05-23T13:28:05+05:30,2026-05-26T00:29:57+05:30,DELIVERED,1,,
ord_000930,2026-05-22T15:23:42+05:30,2026-05-26T05:57:26+05:30,DELIVERED,1,,
ord_000931,2026-05-23T03:30:18+05:30,2026-05-28T04:56:45+05:30,DELIVERED,2,,
ord_000932,2026-05-23T07:32:22+05:30,2026-05-28T16:01:37+05:30,DELIVERED,1,,
ord_000933,2026-05-23T11:21:37+05:30,,RTO,3,,
ord_000934,2026-05-24T04:43:37+05:30,2026-05-29T09:51:56+05:30,DELIVERED,2,,
ord_000935,2026-05-24T17:55:34+05:30,2026-05-29T11:42:40+05:30,DELIVERED,1,,
ord_000936,2026-05-25T05:15:44+05:30,2026-05-28T20:11:27+05:30,DELIVERED,1,,
ord_000937,2026-05-25T10:47:27+05:30,2026-05-27T15:33:44+05:30,DELIVERED,1,,
ord_000938,2026-05-25T00:28:39+05:30,2026-05-29T07:24:31+05:30,DELIVERED,1,,
ord_000939,2026-05-24T15:09:48+05:30,,RTO,3,,
ord_000940,2026-05-25T07:23:22+05:30,2026-05-28T05:19:05+05:30,DELIVERED,1,,
ord_000941,2026-05-25T16:29:38+05:30,2026-05-31T10:14:38+05:30,DELIVERED,2,,
ord_000942,2026-05-24T18:27:39+05:30,2026-05-27T21:36:35+05:30,DELIVERED,1,,
ord_000943,2026-05-26T00:11:33+05:30,2026-05-29T08:54:15+05:30,DELIVERED,1,,
ord_000944,2026-05-25T23:03:52+05:30,2026-05-28T02:04:17+05:30,DELIVERED,1,,
ord_000945,2026-05-26T05:08:07+05:30,2026-05-31T14:37:54+05:30,DELIVERED,1,,
ord_000946,2026-05-26T05:12:57+05:30,2026-05-30T13:12:24+05:30,DELIVERED,1,,
ord_000947,2026-05-25T14:34:48+05:30,2026-05-31T11:00:23+05:30,DELIVERED,1,,
ord_000948,2026-05-26T12:41:44+05:30,2026-06-01T07:22:15+05:30,DELIVERED,1,,
ord_000949,2026-05-26T14:59:31+05:30,2026-05-31T10:33:38+05:30,DELIVERED,2,,
ord_000950,2026-05-26T05:43:17+05:30,2026-05-29T03:59:06+05:30,DELIVERED,1,,
ord_000951,2026-05-26T07:22:10+05:30,2026-05-29T07:49:35+05:30,DELIVERED,1,,
ord_000952,2026-05-26T12:28:41+05:30,2026-05-28T14:33:44+05:30,DELIVERED,1,,
ord_000953,2026-05-26T16:29:53+05:30,,NDR,3,,
ord_000954,2026-05-27T08:27:08+05:30,2026-06-02T07:12:34+05:30,DELIVERED,1,,
ord_000955,2026-05-27T11:58:48+05:30,2026-05-31T09:47:52+05:30,DELIVERED,1,,
ord_000956,2026-05-28T12:10:25+05:30,2026-06-01T04:03:58+05:30,DELIVERED,1,,
ord_000957,2026-05-27T17:47:11+05:30,2026-05-30T16:00:00+05:30,DELIVERED,1,,
ord_000958,2026-05-27T22:01:09+05:30,2026-06-01T04:31:55+05:30,DELIVERED,1,,
ord_000959,2026-05-28T10:22:38+05:30,2026-06-03T05:46:04+05:30,DELIVERED,2,,
ord_000960,2026-05-28T20:41:39+05:30,,RTO,3,,
ord_000961,2026-05-28T18:07:02+05:30,2026-06-03T01:38:14+05:30,DELIVERED,1,,
ord_000962,2026-05-29T03:24:09+05:30,2026-06-02T07:03:24+05:30,DELIVERED,2,,
ord_000963,2026-05-28T17:11:39+05:30,2026-06-01T21:37:51+05:30,DELIVERED,1,,
ord_000964,2026-05-29T02:03:47+05:30,2026-06-02T23:59:43+05:30,DELIVERED,1,,
ord_000965,2026-05-28T14:07:31+05:30,2026-05-31T07:59:03+05:30,DELIVERED,1,,
ord_000966,2026-05-29T00:57:01+05:30,2026-06-02T11:37:41+05:30,DELIVERED,1,,
ord_000967,2026-05-29T04:01:39+05:30,2026-06-02T03:18:18+05:30,DELIVERED,1,,
ord_000968,2026-05-29T13:35:28+05:30,,RTO,3,,
ord_000969,2026-05-29T10:56:38+05:30,2026-06-03T01:29:27+05:30,DELIVERED,1,,
ord_000970,2026-05-30T03:37:57+05:30,2026-06-05T01:16:54+05:30,DELIVERED,1,,
ord_000971,2026-05-30T08:43:41+05:30,2026-06-03T23:41:32+05:30,DELIVERED,1,,
ord_000972,2026-05-29T14:42:18+05:30,2026-06-02T21:40:09+05:30,DELIVERED,1,,
ord_000973,2026-05-29T20:05:18+05:30,2026-06-04T13:39:58+05:30,DELIVERED,1,,
ord_000974,2026-05-30T16:39:53+05:30,,RTO,2,,
ord_000975,2026-05-30T11:46:03+05:30,2026-06-04T13:45:33+05:30,DELIVERED,1,,
ord_000976,2026-05-30T03:34:39+05:30,2026-06-04T11:51:21+05:30,DELIVERED,2,,
ord_000977,2026-05-30T19:41:20+05:30,2026-06-04T12:35:41+05:30,DELIVERED,1,,
ord_000978,2026-05-30T11:04:57+05:30,2026-06-02T12:47:19+05:30,DELIVERED,1,,
ord_000979,2026-05-31T10:24:56+05:30,2026-06-04T06:56:12+05:30,DELIVERED,1,,
ord_000980,2026-05-30T23:34:26+05:30,2026-06-02T13:56:06+05:30,DELIVERED,1,,
ord_000981,2026-05-31T14:04:59+05:30,2026-06-03T05:43:39+05:30,DELIVERED,1,,
ord_000982,2026-05-31T17:36:13+05:30,2026-06-02T18:22:40+05:30,DELIVERED,1,,
ord_000983,2026-05-31T18:39:16+05:30,2026-06-03T18:44:47+05:30,DELIVERED,1,,
ord_000984,2026-06-01T20:06:25+05:30,,RTO,2,,
ord_000985,2026-05-31T19:33:00+05:30,2026-06-05T10:44:53+05:30,DELIVERED,1,,
ord_000986,2026-06-01T18:59:31+05:30,2026-06-06T19:46:42+05:30,DELIVERED,1,,
ord_000987,2026-06-01T15:23:32+05:30,2026-06-05T03:59:09+05:30,DELIVERED,3,,
ord_000988,2026-06-01T17:08:45+05:30,,NDR,3,,
ord_000989,2026-06-01T11:00:51+05:30,2026-06-07T08:49:43+05:30,DELIVERED,1,,
ord_000990,2026-06-01T14:46:01+05:30,2026-06-05T09:46:10+05:30,DELIVERED,1,,
ord_000991,2026-06-01T12:04:44+05:30,2026-06-07T09:22:59+05:30,DELIVERED,1,,
ord_000992,2026-06-02T10:48:05+05:30,2026-06-04T16:26:45+05:30,DELIVERED,1,,
ord_000993,2026-06-02T04:16:16+05:30,2026-06-07T10:01:31+05:30,DELIVERED,1,,
ord_000994,2026-06-02T11:52:22+05:30,2026-06-05T19:53:08+05:30,DELIVERED,1,,
ord_000995,2026-06-02T16:18:08+05:30,,NDR,3,,
ord_000996,2026-06-02T01:20:29+05:30,2026-06-05T22:51:49+05:30,DELIVERED,2,,
ord_000997,2026-06-02T01:05:20+05:30,2026-06-04T03:50:02+05:30,DELIVERED,1,,
ord_000998,2026-06-01T18:19:02+05:30,2026-06-07T12:23:40+05:30,DELIVERED,1,,
ord_000999,2026-06-02T03:07:18+05:30,2026-06-04T20:12:51+05:30,DELIVERED,1,,
ord_001000,2026-06-02T01:55:39+05:30,,RTO,2,,
ord_001001,2026-06-02T14:25:04+05:30,2026-06-05T03:08:28+05:30,DELIVERED,1,,
ord_001002,2026-06-03T03:02:44+05:30,2026-06-08T07:21:44+05:30,DELIVERED,1,,
ord_001003,2026-06-03T08:02:07+05:30,2026-06-06T14:51:09+05:30,DELIVERED,1,,
ord_001004,2026-06-02T18:50:07+05:30,2026-06-07T22:17:27+05:30,DELIVERED,1,,
ord_001005,2026-06-03T18:10:58+05:30,2026-06-07T10:33:02+05:30,DELIVERED,1,,
ord_001006,2026-06-03T00:48:45+05:30,2026-06-06T07:52:03+05:30,DELIVERED,1,,
ord_001007,2026-06-03T00:14:33+05:30,,RTO,2,,
ord_001008,2026-06-03T03:43:30+05:30,,RTO,3,,
ord_001009,2026-06-03T19:17:10+05:30,2026-06-08T18:03:09+05:30,DELIVERED,2,,
ord_001010,2026-06-04T02:42:18+05:30,2026-06-09T17:49:15+05:30,DELIVERED,1,,
ord_001011,2026-06-03T20:16:16+05:30,,RTO,3,,
ord_001012,2026-06-04T23:25:02+05:30,2026-06-08T04:12:49+05:30,DELIVERED,1,,
ord_001013,2026-06-04T10:12:31+05:30,2026-06-09T11:51:09+05:30,DELIVERED,1,,
ord_001014,2026-06-04T08:49:23+05:30,,RTO,3,,
ord_001015,2026-06-04T22:04:07+05:30,2026-06-07T18:10:39+05:30,DELIVERED,1,,
ord_001016,2026-06-04T19:55:03+05:30,2026-06-07T05:28:10+05:30,DELIVERED,1,,
ord_001017,2026-06-05T04:51:52+05:30,,RTO,2,,
ord_001018,2026-06-06T05:12:01+05:30,2026-06-10T05:09:48+05:30,DELIVERED,1,,
ord_001019,2026-06-05T10:59:27+05:30,2026-06-07T17:24:07+05:30,DELIVERED,1,,
ord_001020,2026-06-06T00:53:01+05:30,2026-06-11T17:22:56+05:30,DELIVERED,1,,
ord_001021,2026-06-06T16:29:24+05:30,2026-06-11T03:15:31+05:30,DELIVERED,1,,
ord_001022,2026-06-07T05:45:31+05:30,2026-06-11T02:35:48+05:30,DELIVERED,1,,
ord_001023,2026-06-07T00:55:36+05:30,2026-06-11T09:05:29+05:30,DELIVERED,1,,
ord_001024,2026-06-07T02:35:02+05:30,2026-06-12T23:26:12+05:30,DELIVERED,1,,
ord_001025,2026-06-07T11:02:47+05:30,2026-06-12T06:00:12+05:30,DELIVERED,1,,
ord_001026,2026-06-07T11:30:47+05:30,2026-06-12T16:38:55+05:30,DELIVERED,1,,
ord_001027,2026-06-07T09:40:11+05:30,2026-06-10T03:10:10+05:30,DELIVERED,1,,
ord_001028,2026-06-08T01:15:15+05:30,2026-06-11T12:48:32+05:30,DELIVERED,1,,
ord_001029,2026-06-08T11:14:59+05:30,2026-06-11T11:17:27+05:30,DELIVERED,1,,
ord_001030,2026-06-08T00:26:19+05:30,2026-06-10T23:57:49+05:30,DELIVERED,1,,
ord_001031,2026-06-08T13:43:04+05:30,,RTO,2,,
ord_001032,2026-06-08T13:12:54+05:30,2026-06-11T09:15:32+05:30,DELIVERED,1,,
ord_001033,2026-06-08T00:04:50+05:30,2026-06-12T13:52:26+05:30,DELIVERED,1,,
ord_001034,2026-06-08T05:25:11+05:30,2026-06-12T09:31:19+05:30,DELIVERED,2,,
ord_001035,2026-06-09T00:55:56+05:30,,RTO,3,,
ord_001036,2026-06-09T16:40:39+05:30,2026-06-13T13:22:21+05:30,DELIVERED,1,,
ord_001037,2026-06-09T03:11:39+05:30,2026-06-14T01:06:52+05:30,DELIVERED,1,,
ord_001038,2026-06-09T19:18:21+05:30,2026-06-14T09:30:05+05:30,DELIVERED,1,,
ord_001039,2026-06-10T03:16:29+05:30,2026-06-16T03:03:19+05:30,DELIVERED,2,,
ord_001040,2026-06-09T19:45:58+05:30,2026-06-15T09:08:53+05:30,DELIVERED,1,,
ord_001041,2026-06-09T13:02:14+05:30,2026-06-12T07:15:16+05:30,DELIVERED,2,,
ord_001042,2026-06-10T16:36:36+05:30,2026-06-12T22:17:00+05:30,DELIVERED,2,,
ord_001043,2026-06-11T08:51:31+05:30,2026-06-14T12:40:13+05:30,DELIVERED,1,,
ord_001044,2026-06-10T11:47:45+05:30,2026-06-16T06:24:19+05:30,DELIVERED,1,,
ord_001045,2026-06-11T04:01:39+05:30,2026-06-13T08:20:26+05:30,DELIVERED,1,,
ord_001046,2026-06-10T18:35:00+05:30,2026-06-14T04:35:44+05:30,DELIVERED,1,,
ord_001047,2026-06-11T18:34:53+05:30,,RTO,3,,
ord_001048,2026-06-12T07:05:26+05:30,2026-06-16T12:17:48+05:30,DELIVERED,1,,
ord_001049,2026-06-12T07:00:33+05:30,2026-06-14T16:47:06+05:30,DELIVERED,1,,
ord_001050,2026-06-12T01:40:09+05:30,2026-06-17T03:34:54+05:30,DELIVERED,1,,
ord_001051,2026-06-11T16:31:44+05:30,2026-06-14T05:30:39+05:30,DELIVERED,1,,
ord_001052,2026-06-11T20:42:25+05:30,2026-06-15T00:45:53+05:30,DELIVERED,1,,
ord_001053,2026-06-12T06:07:45+05:30,2026-06-15T22:05:16+05:30,DELIVERED,1,,
ord_001054,2026-06-12T06:11:26+05:30,,RTO,2,,
ord_001055,2026-06-12T20:41:58+05:30,,LOST,1,,
ord_001056,2026-06-13T03:24:55+05:30,2026-06-16T09:48:16+05:30,DELIVERED,1,,
ord_001057,2026-06-13T02:28:36+05:30,2026-06-15T23:46:12+05:30,DELIVERED,1,,
ord_001058,2026-06-12T22:56:55+05:30,2026-06-16T06:56:44+05:30,DELIVERED,2,,
ord_001059,2026-06-13T17:31:09+05:30,2026-06-17T15:36:34+05:30,DELIVERED,1,,
ord_001060,2026-06-14T03:38:48+05:30,2026-06-17T05:28:23+05:30,DELIVERED,1,,
ord_001061,2026-06-13T05:11:38+05:30,2026-06-18T15:35:19+05:30,DELIVERED,1,,
ord_001062,2026-06-13T18:29:44+05:30,2026-06-17T15:38:56+05:30,DELIVERED,1,,
ord_001063,2026-06-13T21:38:36+05:30,2026-06-19T05:03:09+05:30,DELIVERED,1,,
ord_001064,2026-06-14T18:01:00+05:30,2026-06-17T05:34:50+05:30,DELIVERED,1,,
ord_001065,2026-06-14T22:27:17+05:30,,RTO,2,,
ord_001066,2026-06-15T02:58:29+05:30,2026-06-19T14:51:21+05:30,DELIVERED,2,,
ord_001067,2026-06-15T03:23:10+05:30,2026-06-17T07:27:29+05:30,DELIVERED,1,,
ord_001068,2026-06-14T04:45:58+05:30,2026-06-19T18:10:19+05:30,DELIVERED,1,,
ord_001069,2026-06-14T19:55:58+05:30,2026-06-19T16:50:26+05:30,DELIVERED,3,,
ord_001070,2026-06-15T10:35:55+05:30,2026-06-19T19:47:57+05:30,DELIVERED,1,,
ord_001071,2026-06-15T11:24:55+05:30,2026-06-21T05:50:59+05:30,DELIVERED,2,,
ord_001072,2026-06-15T06:25:09+05:30,2026-06-20T12:45:20+05:30,DELIVERED,2,,
ord_001073,2026-06-14T18:57:18+05:30,2026-06-17T01:43:21+05:30,DELIVERED,1,,
ord_001074,2026-06-15T00:31:43+05:30,2026-06-19T07:31:41+05:30,DELIVERED,1,,
ord_001075,2026-06-14T23:06:53+05:30,2026-06-18T09:23:31+05:30,DELIVERED,1,,
ord_001076,2026-06-15T11:50:12+05:30,2026-06-20T14:36:23+05:30,DELIVERED,1,,
ord_001077,2026-06-15T17:15:49+05:30,2026-06-19T21:52:18+05:30,DELIVERED,1,,
ord_001078,2026-06-15T05:37:11+05:30,2026-06-17T09:23:01+05:30,DELIVERED,1,,
ord_001079,2026-06-15T08:44:10+05:30,2026-06-19T15:03:17+05:30,DELIVERED,1,,
ord_001080,2026-06-16T03:55:41+05:30,2026-06-19T06:07:34+05:30,DELIVERED,1,,
ord_001081,2026-06-15T17:40:18+05:30,2026-06-20T02:26:42+05:30,DELIVERED,2,,
ord_001082,2026-06-16T04:09:51+05:30,,DELIVERED,1,,
ord_001083,2026-06-16T16:51:31+05:30,2026-06-22T01:35:40+05:30,DELIVERED,1,,
ord_001084,2026-06-16T16:54:54+05:30,2026-06-20T19:43:00+05:30,DELIVERED,1,,
ord_001085,2026-06-16T06:44:27+05:30,2026-06-18T19:41:24+05:30,DELIVERED,1,,
ord_001086,2026-06-16T07:50:49+05:30,2026-06-21T18:02:12+05:30,DELIVERED,1,,
ord_001087,2026-06-17T09:28:09+05:30,2026-06-21T03:37:34+05:30,DELIVERED,1,,
ord_001088,2026-06-17T07:32:55+05:30,2026-06-21T06:04:39+05:30,DELIVERED,1,,
ord_001089,2026-06-17T02:58:50+05:30,2026-06-21T20:14:49+05:30,DELIVERED,1,,
ord_001090,2026-06-17T00:12:30+05:30,2026-06-21T03:52:53+05:30,DELIVERED,1,,
ord_001091,2026-06-17T18:51:57+05:30,2026-06-20T23:34:50+05:30,DELIVERED,1,,
ord_001092,2026-06-17T12:13:00+05:30,2026-06-22T18:49:03+05:30,DELIVERED,1,,
ord_001093,2026-06-17T19:49:46+05:30,2026-06-23T01:40:30+05:30,DELIVERED,1,,
ord_001094,2026-06-17T04:21:20+05:30,2026-06-19T10:45:21+05:30,DELIVERED,1,,
ord_001095,2026-06-17T08:54:37+05:30,2026-06-20T16:53:37+05:30,DELIVERED,1,,
ord_001096,2026-06-17T23:05:06+05:30,,NDR,3,,
ord_001097,2026-06-18T04:23:17+05:30,2026-06-21T07:13:05+05:30,DELIVERED,1,,
ord_001098,2026-06-18T03:43:31+05:30,,RTO,3,,
ord_001099,2026-06-18T20:19:18+05:30,2026-06-21T13:10:18+05:30,DELIVERED,1,,
ord_001100,2026-06-18T09:07:08+05:30,,DELIVERED,1,,
ord_001101,2026-06-18T08:40:58+05:30,2026-06-22T12:08:19+05:30,DELIVERED,1,,
ord_001102,2026-06-18T05:25:54+05:30,2026-06-23T03:11:15+05:30,DELIVERED,2,,
ord_001103,2026-06-19T10:24:50+05:30,2026-06-23T06:29:56+05:30,DELIVERED,1,,
ord_001104,2026-06-18T18:45:09+05:30,,RTO,3,,
ord_001105,2026-06-19T08:07:34+05:30,2026-06-24T05:04:36+05:30,DELIVERED,1,,
ord_001106,2026-06-19T04:44:44+05:30,2026-06-24T19:48:24+05:30,DELIVERED,1,,
ord_001107,2026-06-19T00:25:44+05:30,,DELIVERED,1,,
ord_001108,2026-06-19T06:35:37+05:30,2026-06-23T16:02:44+05:30,DELIVERED,2,,
ord_001109,2026-06-19T15:31:43+05:30,2026-06-23T22:44:53+05:30,DELIVERED,1,,
ord_001110,2026-06-19T20:43:51+05:30,2026-06-25T16:20:49+05:30,DELIVERED,1,,
ord_001111,2026-06-20T09:56:36+05:30,2026-06-23T05:54:20+05:30,DELIVERED,1,,
ord_001112,2026-06-20T12:33:44+05:30,2026-06-22T22:28:37+05:30,DELIVERED,2,,
ord_001113,2026-06-20T08:58:31+05:30,,RTO,2,,
ord_001114,2026-06-20T10:41:46+05:30,2026-06-25T00:19:30+05:30,DELIVERED,1,,
ord_001115,2026-06-20T02:43:11+05:30,2026-06-22T17:49:35+05:30,DELIVERED,1,,
ord_001116,2026-06-20T09:28:43+05:30,2026-06-25T21:16:46+05:30,DELIVERED,2,,
ord_001117,2026-06-21T00:44:20+05:30,2026-06-25T13:02:21+05:30,DELIVERED,1,,
ord_001118,2026-06-20T02:16:51+05:30,2026-06-23T00:45:49+05:30,DELIVERED,1,,
ord_001119,2026-06-21T00:25:37+05:30,2026-06-24T06:05:17+05:30,DELIVERED,1,,
ord_001120,2026-06-21T04:08:42+05:30,2026-06-25T00:35:34+05:30,DELIVERED,1,,
ord_001121,2026-06-21T11:55:18+05:30,2026-06-27T03:50:35+05:30,DELIVERED,1,,
ord_001122,2026-06-20T15:57:54+05:30,2026-06-25T21:43:51+05:30,DELIVERED,2,,
ord_001123,2026-06-21T13:54:31+05:30,,NDR,3,,
ord_001124,2026-06-21T10:24:14+05:30,2026-06-25T03:19:52+05:30,DELIVERED,1,,
ord_001125,2026-06-22T08:33:06+05:30,2026-06-25T01:30:40+05:30,DELIVERED,1,,
ord_001126,2026-06-22T04:11:37+05:30,2026-06-25T09:13:02+05:30,DELIVERED,2,,
ord_001127,2026-06-22T10:18:53+05:30,2026-06-24T10:49:57+05:30,DELIVERED,1,,
ord_001128,2026-06-22T13:43:52+05:30,2026-06-25T11:59:33+05:30,DELIVERED,1,,
ord_001129,2026-06-22T15:45:05+05:30,2026-06-25T20:59:46+05:30,DELIVERED,1,,
ord_001130,2026-06-23T04:25:58+05:30,2026-06-26T23:38:51+05:30,DELIVERED,1,,
ord_001131,2026-06-22T20:22:47+05:30,2026-06-28T16:25:58+05:30,DELIVERED,1,,
ord_001132,2026-06-23T15:43:40+05:30,2026-06-25T18:35:16+05:30,DELIVERED,1,,
ord_001133,2026-06-23T00:02:19+05:30,2026-06-26T00:13:22+05:30,DELIVERED,1,,
ord_001134,2026-06-23T05:32:24+05:30,2026-06-27T03:51:23+05:30,DELIVERED,2,,
ord_001135,2026-06-24T00:41:34+05:30,2026-06-26T09:09:25+05:30,DELIVERED,1,,
ord_001136,2026-06-24T03:51:40+05:30,2026-06-29T16:36:53+05:30,DELIVERED,2,,
ord_001137,2026-06-24T00:40:23+05:30,2026-06-28T03:55:39+05:30,DELIVERED,1,,
ord_001138,2026-06-23T21:29:32+05:30,2026-06-27T14:54:21+05:30,DELIVERED,1,,
ord_001139,2026-06-24T18:22:07+05:30,2026-06-28T18:39:01+05:30,DELIVERED,1,,
ord_001140,2026-06-24T03:19:58+05:30,2026-06-29T00:35:03+05:30,DELIVERED,2,,
ord_001141,2026-06-25T04:08:50+05:30,2026-06-29T12:47:22+05:30,DELIVERED,2,,
ord_001142,2026-06-24T23:09:52+05:30,2026-06-26T23:22:21+05:30,DELIVERED,1,,
ord_001143,2026-06-25T12:21:23+05:30,,RTO,3,,
ord_001144,2026-06-25T07:10:27+05:30,2026-06-30T16:02:22+05:30,DELIVERED,1,,
ord_001145,2026-06-25T15:01:41+05:30,2026-06-29T09:12:04+05:30,DELIVERED,1,,
ord_001146,2026-06-25T22:18:14+05:30,2026-06-28T18:28:26+05:30,DELIVERED,2,,
ord_001147,2026-06-26T12:41:05+05:30,2026-06-30T05:25:36+05:30,DELIVERED,1,,
ord_001148,2026-06-25T21:59:02+05:30,2026-07-01T10:08:45+05:30,DELIVERED,2,,
ord_001149,2026-06-26T05:39:56+05:30,2026-06-30T19:01:59+05:30,DELIVERED,1,,
ord_001150,2026-06-26T17:37:27+05:30,2026-06-29T09:20:47+05:30,DELIVERED,2,,
ord_001151,2026-06-26T08:34:29+05:30,,RTO,2,,
ord_001152,2026-06-27T19:29:16+05:30,2026-06-29T20:14:51+05:30,DELIVERED,1,,
ord_001153,2026-06-27T08:33:28+05:30,2026-06-29T20:04:41+05:30,DELIVERED,1,,
ord_001154,2026-06-27T00:02:22+05:30,2026-06-29T05:49:45+05:30,DELIVERED,1,,
ord_001155,2026-06-26T21:40:26+05:30,2026-06-30T19:46:46+05:30,DELIVERED,1,,
ord_001156,2026-06-27T02:38:44+05:30,2026-07-02T02:21:10+05:30,DELIVERED,2,,
ord_001157,2026-06-27T19:42:11+05:30,2026-07-01T16:11:37+05:30,DELIVERED,1,,
ord_001158,2026-06-27T10:24:38+05:30,2026-07-01T14:57:35+05:30,DELIVERED,1,,
ord_001159,2026-06-27T14:03:22+05:30,2026-07-01T20:40:46+05:30,DELIVERED,1,,
ord_001160,2026-06-27T07:31:24+05:30,2026-07-01T19:56:07+05:30,DELIVERED,1,,
ord_001161,2026-06-28T04:18:37+05:30,2026-07-01T16:24:27+05:30,DELIVERED,1,,
ord_001162,2026-06-27T21:24:00+05:30,2026-07-01T00:41:55+05:30,DELIVERED,1,,
ord_001163,2026-06-28T15:10:28+05:30,2026-07-02T17:45:01+05:30,DELIVERED,1,,
ord_001164,2026-06-27T19:14:17+05:30,2026-07-02T20:14:58+05:30,DELIVERED,1,,
ord_001165,2026-06-28T10:03:23+05:30,2026-07-02T04:05:13+05:30,DELIVERED,1,,
ord_001166,2026-06-27T21:21:07+05:30,2026-07-03T02:55:23+05:30,DELIVERED,1,,
ord_001167,2026-06-28T04:03:30+05:30,,DELIVERED,2,,
ord_001168,2026-06-29T05:11:15+05:30,2026-07-03T14:55:37+05:30,DELIVERED,1,,
ord_001169,2026-06-29T18:53:38+05:30,2026-07-04T10:17:37+05:30,DELIVERED,1,,
ord_001170,2026-06-29T11:39:24+05:30,2026-07-03T15:49:33+05:30,DELIVERED,1,,
ord_001171,2026-06-29T17:00:12+05:30,2026-07-04T17:02:15+05:30,DELIVERED,1,,
ord_001172,2026-06-29T11:53:47+05:30,2026-07-04T02:31:27+05:30,DELIVERED,1,,
ord_001173,2026-06-29T06:51:24+05:30,2026-07-02T11:00:27+05:30,DELIVERED,1,,
ord_001174,2026-06-30T01:42:09+05:30,2026-07-03T22:23:23+05:30,DELIVERED,1,,
ord_001175,2026-06-29T15:20:37+05:30,2026-07-04T12:14:44+05:30,DELIVERED,1,,
ord_001176,2026-06-29T16:27:24+05:30,2026-07-03T02:27:04+05:30,DELIVERED,1,,
ord_001177,2026-06-30T02:22:13+05:30,2026-07-03T05:28:51+05:30,DELIVERED,1,,
ord_001178,2026-06-30T03:06:06+05:30,2026-07-04T13:02:30+05:30,DELIVERED,1,,
ord_001179,2026-06-30T12:52:17+05:30,,NDR,3,,
ord_001180,2026-06-30T02:56:56+05:30,2026-07-05T10:14:42+05:30,DELIVERED,1,,
ord_001181,2026-06-30T13:39:59+05:30,2026-07-04T08:48:57+05:30,DELIVERED,2,,
ord_001182,2026-06-30T05:33:50+05:30,2026-07-05T15:00:03+05:30,DELIVERED,1,,
